time,data
2023/07/03 16:50:39.249990627,1414.213562373095
2023/07/03 16:50:39.283871032,0.9999999999999432
2023/07/03 16:50:39.349763528,0.9999999999999432
2023/07/03 16:50:39.383894215,0.9999999999999432
2023/07/03 16:50:39.449918719,0.9999999999999432
2023/07/03 16:50:39.483911635,0.9999999999999432
2023/07/03 16:50:39.550029368,0.9999999999999432
2023/07/03 16:50:39.584081774,0.9999999999999432
2023/07/03 16:50:39.650087174,0.9999999999999432
2023/07/03 16:50:39.684071604,0.9999999999999432
2023/07/03 16:50:39.750075992,0.9999999999999432
2023/07/03 16:50:39.784020417,0.9999999999999432
2023/07/03 16:50:39.850093171,0.9999999999999432
2023/07/03 16:50:39.884071802,0.9999999999999432
2023/07/03 16:50:39.950094733,0.9999999999999432
2023/07/03 16:50:39.984057733,0.9999999999999432
2023/07/03 16:50:40.50096447,0.9999999999999432
2023/07/03 16:50:40.84033628,0.9999999999999432
2023/07/03 16:50:40.150093460,0.9999999999999432
2023/07/03 16:50:40.183887834,0.9999999999999432
2023/07/03 16:50:40.250097798,0.9999999999999432
2023/07/03 16:50:40.284051642,0.9999999999999432
2023/07/03 16:50:40.350094432,0.9999999999999432
2023/07/03 16:50:40.384038828,0.9999999999999432
2023/07/03 16:50:40.450092589,0.9999999999999432
2023/07/03 16:50:40.484059015,0.9999999999999432
2023/07/03 16:50:40.550088100,0.9999999999999432
2023/07/03 16:50:40.583924784,0.9999999999999432
2023/07/03 16:50:40.650092759,0.9999999999999432
2023/07/03 16:50:40.684045991,0.9999999999999432
2023/07/03 16:50:40.750094009,0.9999999999999432
2023/07/03 16:50:40.784050589,0.9999999999999432
2023/07/03 16:50:40.850095082,0.9999999999999432
2023/07/03 16:50:40.883895678,0.9999999999999432
2023/07/03 16:50:40.950123215,0.9999999999999432
2023/07/03 16:50:40.983892040,0.9999999999999432
2023/07/03 16:50:41.50123448,0.9999999999999432
2023/07/03 16:50:41.83916459,0.9999999999999432
2023/07/03 16:50:41.150123487,0.9999999999999432
2023/07/03 16:50:41.183893034,0.9999999999999432
2023/07/03 16:50:41.250143767,0.9999999999999432
2023/07/03 16:50:41.283893676,0.9999999999999432
2023/07/03 16:50:41.350124983,0.9999999999999432
2023/07/03 16:50:41.383892215,0.9999999999999432
2023/07/03 16:50:41.450118952,0.9999999999999432
2023/07/03 16:50:41.483838506,0.9999999999999432
2023/07/03 16:50:41.550095528,0.9999999999999432
2023/07/03 16:50:41.583888731,0.9999999999999432
2023/07/03 16:50:41.650094099,0.9999999999999432
2023/07/03 16:50:41.683889494,0.9999999999999432
2023/07/03 16:50:41.750123755,0.9999999999999432
2023/07/03 16:50:41.783890607,0.9999999999999432
2023/07/03 16:50:41.850094241,0.9999999999999432
2023/07/03 16:50:41.883880520,0.9999999999999432
2023/07/03 16:50:41.950095214,0.9999999999999432
2023/07/03 16:50:41.983891902,0.9999999999999432
2023/07/03 16:50:42.50095688,0.9999999999999432
2023/07/03 16:50:42.83886153,0.9999999999999432
2023/07/03 16:50:42.150092954,0.9999999999999432
2023/07/03 16:50:42.183895465,0.9999999999999432
2023/07/03 16:50:42.250131619,0.9999999999999432
2023/07/03 16:50:42.283888975,0.9999999999999432
2023/07/03 16:50:42.350122345,0.9999999999999432
2023/07/03 16:50:42.383889258,0.9999999999999432
2023/07/03 16:50:42.450095488,0.9999999999999432
2023/07/03 16:50:42.483835360,0.9999999999999432
2023/07/03 16:50:42.550092476,0.9999999999999432
2023/07/03 16:50:42.583839520,0.9999999999999432
2023/07/03 16:50:42.650103131,0.9999999999999432
2023/07/03 16:50:42.683889428,0.9999999999999432
2023/07/03 16:50:42.750120674,0.9999999999999432
2023/07/03 16:50:42.783917524,0.9999999999999432
2023/07/03 16:50:42.850133241,0.9999999999999432
2023/07/03 16:50:42.883861050,0.9999999999999432
2023/07/03 16:50:42.950095984,0.9999999999999432
2023/07/03 16:50:42.983896169,0.9999999999999432
2023/07/03 16:50:43.50122127,0.9999999999999432
2023/07/03 16:50:43.83891164,0.9999999999999432
2023/07/03 16:50:43.150100970,0.9999999999999432
2023/07/03 16:50:43.183893631,0.9999999999999432
2023/07/03 16:50:43.250094140,0.9999999999999432
2023/07/03 16:50:43.283889097,0.9999999999999432
2023/07/03 16:50:43.350123711,0.9999999999999432
2023/07/03 16:50:43.383891167,0.9999999999999432
2023/07/03 16:50:43.450094270,0.9999999999999432
2023/07/03 16:50:43.483889035,0.9999999999999432
2023/07/03 16:50:43.550095115,0.9999999999999432
2023/07/03 16:50:43.583887787,0.9999999999999432
2023/07/03 16:50:43.650094989,0.9999999999999432
2023/07/03 16:50:43.683890366,0.9999999999999432
2023/07/03 16:50:43.750093409,0.9999999999999432
2023/07/03 16:50:43.783889629,0.9999999999999432
2023/07/03 16:50:43.850093154,0.9999999999999432
2023/07/03 16:50:43.883891375,0.9999999999999432
2023/07/03 16:50:43.950094212,0.9999999999999432
2023/07/03 16:50:43.983895860,0.9999999999999432
2023/07/03 16:50:44.50119745,0.9999999999999432
2023/07/03 16:50:44.83887831,0.9999999999999432
2023/07/03 16:50:44.150092970,0.9999999999999432
2023/07/03 16:50:44.183888897,0.9999999999999432
2023/07/03 16:50:44.250092926,0.9999999999999432
2023/07/03 16:50:44.283918249,0.9999999999999432
2023/07/03 16:50:44.350122406,0.9999999999999432
2023/07/03 16:50:44.383886104,0.9999999999999432
2023/07/03 16:50:44.450093036,0.9999999999999432
2023/07/03 16:50:44.483885659,0.9999999999999432
2023/07/03 16:50:44.550095557,0.9999999999999432
2023/07/03 16:50:44.583888320,0.9999999999999432
2023/07/03 16:50:44.650097729,0.9999999999999432
2023/07/03 16:50:44.683895260,0.9999999999999432
2023/07/03 16:50:44.750096452,0.9999999999999432
2023/07/03 16:50:44.784241376,0.9999999999999432
2023/07/03 16:50:44.850092860,0.9999999999999432
2023/07/03 16:50:44.883893719,0.9999999999999432
2023/07/03 16:50:44.950094950,0.9999999999999432
2023/07/03 16:50:44.983889566,0.9999999999999432
2023/07/03 16:50:45.50121246,0.9999999999999432
2023/07/03 16:50:45.83887208,0.9999999999999432
2023/07/03 16:50:45.150379388,0.9999999999999432
2023/07/03 16:50:45.184125764,0.9999999999999432
2023/07/03 16:50:45.250371822,0.9999999999999432
2023/07/03 16:50:45.283908592,0.9999999999999432
2023/07/03 16:50:45.350069109,0.9999999999999432
2023/07/03 16:50:45.384098016,0.9999999999999432
2023/07/03 16:50:45.450055341,0.9999999999999432
2023/07/03 16:50:45.483900883,0.9999999999999432
2023/07/03 16:50:45.550067460,0.9999999999999432
2023/07/03 16:50:45.584134489,0.9999999999999432
2023/07/03 16:50:45.650288563,0.9999999999999432
2023/07/03 16:50:45.684038155,0.9999999999999432
2023/07/03 16:50:45.750271419,0.9999999999999432
2023/07/03 16:50:45.784090829,0.9999999999999432
2023/07/03 16:50:45.850054225,0.9999999999999432
2023/07/03 16:50:45.884098942,0.9999999999999432
2023/07/03 16:50:45.950302339,0.9999999999999432
2023/07/03 16:50:45.984147230,0.9999999999999432
2023/07/03 16:50:46.50296356,0.9999999999999432
2023/07/03 16:50:46.84329010,0.9999999999999432
2023/07/03 16:50:46.150029893,0.9999999999999432
2023/07/03 16:50:46.184350228,0.9999999999999432
2023/07/03 16:50:46.250050700,0.9999999999999432
2023/07/03 16:50:46.284371217,0.9999999999999432
2023/07/03 16:50:46.350054546,0.9999999999999432
2023/07/03 16:50:46.384272780,0.9999999999999432
2023/07/03 16:50:46.450070996,0.9999999999999432
2023/07/03 16:50:46.484315248,0.9999999999999432
2023/07/03 16:50:46.550051608,0.9999999999999432
2023/07/03 16:50:46.583900627,0.9999999999999432
2023/07/03 16:50:46.650077525,0.9999999999999432
2023/07/03 16:50:46.683845111,0.9999999999999432
2023/07/03 16:50:46.750053768,0.9999999999999432
2023/07/03 16:50:46.783870376,0.9999999999999432
2023/07/03 16:50:46.850049070,0.9999999999999432
2023/07/03 16:50:46.883883912,0.9999999999999432
2023/07/03 16:50:46.950061310,0.9999999999999432
2023/07/03 16:50:46.983824958,0.9999999999999432
2023/07/03 16:50:47.50068632,0.9999999999999432
2023/07/03 16:50:47.84136062,0.9999999999999432
2023/07/03 16:50:47.150068673,0.9999999999999432
2023/07/03 16:50:47.184128498,0.9999999999999432
2023/07/03 16:50:47.250062611,0.9999999999999432
2023/07/03 16:50:47.284256880,0.9999999999999432
2023/07/03 16:50:47.350257868,0.9999999999999432
2023/07/03 16:50:47.383872456,0.9999999999999432
2023/07/03 16:50:47.450329491,0.9999999999999432
2023/07/03 16:50:47.483918674,0.9999999999999432
2023/07/03 16:50:47.550287735,0.9999999999999432
2023/07/03 16:50:47.584204030,0.9999999999999432
2023/07/03 16:50:47.650326166,0.9999999999999432
2023/07/03 16:50:47.684163835,0.9999999999999432
2023/07/03 16:50:47.750070736,0.9999999999999432
2023/07/03 16:50:47.783864702,0.9999999999999432
2023/07/03 16:50:47.850061619,0.9999999999999432
2023/07/03 16:50:47.883864713,0.9999999999999432
2023/07/03 16:50:47.950067640,0.9999999999999432
2023/07/03 16:50:47.983863049,0.9999999999999432
2023/07/03 16:50:48.50254883,0.9999999999999432
2023/07/03 16:50:48.83868931,0.9999999999999432
2023/07/03 16:50:48.150258801,0.9999999999999432
2023/07/03 16:50:48.183866328,0.9999999999999432
2023/07/03 16:50:48.250398856,0.9999999999999432
2023/07/03 16:50:48.284098015,0.9999999999999432
2023/07/03 16:50:48.350260858,0.9999999999999432
2023/07/03 16:50:48.384122581,0.9999999999999432
2023/07/03 16:50:48.450797317,0.9999999999999432
2023/07/03 16:50:48.484128583,0.9999999999999432
2023/07/03 16:50:48.550380125,0.9999999999999432
2023/07/03 16:50:48.584152190,0.9999999999999432
2023/07/03 16:50:48.650051489,0.9999999999999432
2023/07/03 16:50:48.683922169,0.9999999999999432
2023/07/03 16:50:48.750062421,0.9999999999999432
2023/07/03 16:50:48.784144389,0.9999999999999432
2023/07/03 16:50:48.850010545,0.9999999999999432
2023/07/03 16:50:48.883999638,0.9999999999999432
2023/07/03 16:50:48.950118087,0.9999999999999432
2023/07/03 16:50:48.984117359,0.9999999999999432
2023/07/03 16:50:49.50050811,0.9999999999999432
2023/07/03 16:50:49.83923165,0.9999999999999432
2023/07/03 16:50:49.150060662,0.9999999999999432
2023/07/03 16:50:49.184164692,0.9999999999999432
2023/07/03 16:50:49.250002715,0.9999999999999432
2023/07/03 16:50:49.284145247,0.9999999999999432
2023/07/03 16:50:49.350049886,0.9999999999999432
2023/07/03 16:50:49.384192619,0.9999999999999432
2023/07/03 16:50:49.450047865,0.9999999999999432
2023/07/03 16:50:49.483869414,0.9999999999999432
2023/07/03 16:50:49.550059912,0.9999999999999432
2023/07/03 16:50:49.583886240,0.9999999999999432
2023/07/03 16:50:49.650049033,0.9999999999999432
2023/07/03 16:50:49.684178201,0.9999999999999432
2023/07/03 16:50:49.750285131,0.9999999999999432
2023/07/03 16:50:49.784232095,0.9999999999999432
2023/07/03 16:50:49.850296915,0.9999999999999432
2023/07/03 16:50:49.884261323,0.9999999999999432
2023/07/03 16:50:49.950314692,0.9999999999999432
2023/07/03 16:50:49.984207755,0.9999999999999432
2023/07/03 16:50:50.50319292,0.9999999999999432
2023/07/03 16:50:50.83858811,0.9999999999999432
2023/07/03 16:50:50.150435114,0.9999999999999432
2023/07/03 16:50:50.184181732,0.9999999999999432
2023/07/03 16:50:50.250307498,0.9999999999999432
2023/07/03 16:50:50.284157781,0.9999999999999432
2023/07/03 16:50:50.350275461,0.9999999999999432
2023/07/03 16:50:50.383850368,0.9999999999999432
2023/07/03 16:50:50.450366797,0.9999999999999432
2023/07/03 16:50:50.484435121,0.9999999999999432
2023/07/03 16:50:50.550428016,0.9999999999999432
2023/07/03 16:50:50.584251991,0.9999999999999432
2023/07/03 16:50:50.650381935,0.9999999999999432
2023/07/03 16:50:50.684166644,0.9999999999999432
2023/07/03 16:50:50.750025018,0.9999999999999432
2023/07/03 16:50:50.784147575,0.9999999999999432
2023/07/03 16:50:50.850052024,0.9999999999999432
2023/07/03 16:50:50.884168237,0.9999999999999432
2023/07/03 16:50:50.950027430,0.9999999999999432
2023/07/03 16:50:50.983971581,0.9999999999999432
2023/07/03 16:50:51.50094042,0.9999999999999432
2023/07/03 16:50:51.84183376,0.9999999999999432
2023/07/03 16:50:51.150028555,0.9999999999999432
2023/07/03 16:50:51.183878818,0.9999999999999432
2023/07/03 16:50:51.250024512,0.9999999999999432
2023/07/03 16:50:51.284160374,0.9999999999999432
2023/07/03 16:50:51.350014528,0.9999999999999432
2023/07/03 16:50:51.384161941,0.9999999999999432
2023/07/03 16:50:51.450013952,0.9999999999999432
2023/07/03 16:50:51.484213973,0.9999999999999432
2023/07/03 16:50:51.550051598,0.9999999999999432
2023/07/03 16:50:51.584196736,0.9999999999999432
2023/07/03 16:50:51.650052274,0.9999999999999432
2023/07/03 16:50:51.684327688,0.9999999999999432
2023/07/03 16:50:51.750269389,0.9999999999999432
2023/07/03 16:50:51.783876795,0.9999999999999432
2023/07/03 16:50:51.850041195,0.9999999999999432
2023/07/03 16:50:51.883928257,0.9999999999999432
2023/07/03 16:50:51.950600281,0.9999999999999432
2023/07/03 16:50:51.983891614,0.9999999999999432
2023/07/03 16:50:52.50286879,0.9999999999999432
2023/07/03 16:50:52.83894657,0.9999999999999432
2023/07/03 16:50:52.149867436,0.9999999999999432
2023/07/03 16:50:52.183904231,0.9999999999999432
2023/07/03 16:50:52.249997998,0.9999999999999432
2023/07/03 16:50:52.283878770,0.9999999999999432
2023/07/03 16:50:52.350047298,0.9999999999999432
2023/07/03 16:50:52.383820788,0.9999999999999432
2023/07/03 16:50:52.449974177,0.9999999999999432
2023/07/03 16:50:52.483870798,0.9999999999999432
2023/07/03 16:50:52.549969014,0.9999999999999432
2023/07/03 16:50:52.583875694,0.9999999999999432
2023/07/03 16:50:52.649962077,0.9999999999999432
2023/07/03 16:50:52.683855674,0.9999999999999432
2023/07/03 16:50:52.749991701,0.9999999999999432
2023/07/03 16:50:52.783817589,0.9999999999999432
2023/07/03 16:50:52.849966470,0.9999999999999432
2023/07/03 16:50:52.883816965,0.9999999999999432
2023/07/03 16:50:52.949967259,0.9999999999999432
2023/07/03 16:50:52.983818745,0.9999999999999432
2023/07/03 16:50:53.49966594,0.9999999999999432
2023/07/03 16:50:53.83857756,0.9999999999999432
2023/07/03 16:50:53.149965180,0.9999999999999432
2023/07/03 16:50:53.183881639,0.9999999999999432
2023/07/03 16:50:53.249966851,0.9999999999999432
2023/07/03 16:50:53.283871618,0.9999999999999432
2023/07/03 16:50:53.349967250,0.9999999999999432
2023/07/03 16:50:53.383884400,0.9999999999999432
2023/07/03 16:50:53.449965695,0.9999999999999432
2023/07/03 16:50:53.483871575,0.9999999999999432
2023/07/03 16:50:53.550052106,0.9999999999999432
2023/07/03 16:50:53.584142302,0.9999999999999432
2023/07/03 16:50:53.650008142,0.9999999999999432
2023/07/03 16:50:53.683846965,0.9999999999999432
2023/07/03 16:50:53.750011116,0.9999999999999432
2023/07/03 16:50:53.783822508,0.9999999999999432
2023/07/03 16:50:53.850019709,0.9999999999999432
2023/07/03 16:50:53.883874924,0.9999999999999432
2023/07/03 16:50:53.950015028,0.9999999999999432
2023/07/03 16:50:53.983853570,0.9999999999999432
2023/07/03 16:50:54.50018603,0.9999999999999432
2023/07/03 16:50:54.83876764,0.9999999999999432
2023/07/03 16:50:54.150009837,0.9999999999999432
2023/07/03 16:50:54.183904615,0.9999999999999432
2023/07/03 16:50:54.250010889,0.9999999999999432
2023/07/03 16:50:54.283872485,0.9999999999999432
2023/07/03 16:50:54.350016447,0.9999999999999432
2023/07/03 16:50:54.383874028,0.9999999999999432
2023/07/03 16:50:54.450014214,0.9999999999999432
2023/07/03 16:50:54.483873104,0.9999999999999432
2023/07/03 16:50:54.550012320,0.9999999999999432
2023/07/03 16:50:54.583908141,0.9999999999999432
2023/07/03 16:50:54.650013018,0.9999999999999432
2023/07/03 16:50:54.683904021,0.9999999999999432
2023/07/03 16:50:54.750011775,0.9999999999999432
2023/07/03 16:50:54.783873401,0.9999999999999432
2023/07/03 16:50:54.850023657,0.9999999999999432
2023/07/03 16:50:54.883819339,0.9999999999999432
2023/07/03 16:50:54.950019288,0.9999999999999432
2023/07/03 16:50:54.983873180,0.9999999999999432
2023/07/03 16:50:55.50012915,0.9999999999999432
2023/07/03 16:50:55.83819780,0.9999999999999432
2023/07/03 16:50:55.150014430,0.9999999999999432
2023/07/03 16:50:55.183853984,0.9999999999999432
2023/07/03 16:50:55.250009511,0.9999999999999432
2023/07/03 16:50:55.283877250,0.9999999999999432
2023/07/03 16:50:55.350017006,0.9999999999999432
2023/07/03 16:50:55.383825934,0.9999999999999432
2023/07/03 16:50:55.450315028,0.9999999999999432
2023/07/03 16:50:55.483866382,0.9999999999999432
2023/07/03 16:50:55.550019933,0.9999999999999432
2023/07/03 16:50:55.583872243,0.9999999999999432
2023/07/03 16:50:55.650015797,0.9999999999999432
2023/07/03 16:50:55.683897753,0.9999999999999432
2023/07/03 16:50:55.749874040,0.9999999999999432
2023/07/03 16:50:55.783656359,0.9999999999999432
2023/07/03 16:50:55.849722698,0.9999999999999432
2023/07/03 16:50:55.883610984,0.9999999999999432
2023/07/03 16:50:55.949804411,0.9999999999999432
2023/07/03 16:50:55.983786956,0.9999999999999432
2023/07/03 16:50:56.49782021,0.9999999999999432
2023/07/03 16:50:56.83837383,0.9999999999999432
2023/07/03 16:50:56.150039227,0.9999999999999432
2023/07/03 16:50:56.184254910,0.9999999999999432
2023/07/03 16:50:56.250189421,0.9999999999999432
2023/07/03 16:50:56.284058804,0.9999999999999432
2023/07/03 16:50:56.350210715,0.9999999999999432
2023/07/03 16:50:56.383833864,0.9999999999999432
2023/07/03 16:50:56.450050295,0.9999999999999432
2023/07/03 16:50:56.483846149,0.9999999999999432
2023/07/03 16:50:56.550049485,0.9999999999999432
2023/07/03 16:50:56.583855318,0.9999999999999432
2023/07/03 16:50:56.650040590,0.9999999999999432
2023/07/03 16:50:56.683848857,0.9999999999999432
2023/07/03 16:50:56.750041054,0.9999999999999432
2023/07/03 16:50:56.783916719,0.9999999999999432
2023/07/03 16:50:56.850039694,0.9999999999999432
2023/07/03 16:50:56.883863581,0.9999999999999432
2023/07/03 16:50:56.950039165,0.9999999999999432
2023/07/03 16:50:56.983849937,0.9999999999999432
2023/07/03 16:50:57.50047322,0.9999999999999432
2023/07/03 16:50:57.83854068,0.9999999999999432
2023/07/03 16:50:57.150077913,0.9999999999999432
2023/07/03 16:50:57.183856406,0.9999999999999432
2023/07/03 16:50:57.250048632,0.9999999999999432
2023/07/03 16:50:57.283906244,0.9999999999999432
2023/07/03 16:50:57.350044136,0.9999999999999432
2023/07/03 16:50:57.383911747,0.9999999999999432
2023/07/03 16:50:57.450076673,0.9999999999999432
2023/07/03 16:50:57.483908857,0.9999999999999432
2023/07/03 16:50:57.550045389,0.9999999999999432
2023/07/03 16:50:57.583848717,0.9999999999999432
2023/07/03 16:50:57.650052334,0.9999999999999432
2023/07/03 16:50:57.683899597,0.9999999999999432
2023/07/03 16:50:57.750054091,0.9999999999999432
2023/07/03 16:50:57.783846210,0.9999999999999432
2023/07/03 16:50:57.850075011,0.9999999999999432
2023/07/03 16:50:57.883853524,0.9999999999999432
2023/07/03 16:50:57.950042547,0.9999999999999432
2023/07/03 16:50:57.983856356,0.9999999999999432
2023/07/03 16:50:58.50040990,0.9999999999999432
2023/07/03 16:50:58.83852423,0.9999999999999432
2023/07/03 16:50:58.150044600,0.9999999999999432
2023/07/03 16:50:58.183850264,0.9999999999999432
2023/07/03 16:50:58.250043223,0.9999999999999432
2023/07/03 16:50:58.283913098,0.9999999999999432
2023/07/03 16:50:58.350042387,0.9999999999999432
2023/07/03 16:50:58.383859422,0.9999999999999432
2023/07/03 16:50:58.450074993,0.9999999999999432
2023/07/03 16:50:58.483855699,0.9999999999999432
2023/07/03 16:50:58.550046716,0.9999999999999432
2023/07/03 16:50:58.583851125,0.9999999999999432
2023/07/03 16:50:58.650077227,0.9999999999999432
2023/07/03 16:50:58.683853345,0.9999999999999432
2023/07/03 16:50:58.750047887,0.9999999999999432
2023/07/03 16:50:58.783851016,0.9999999999999432
2023/07/03 16:50:58.850040094,0.9999999999999432
2023/07/03 16:50:58.883851830,0.9999999999999432
2023/07/03 16:50:58.950043869,0.9999999999999432
2023/07/03 16:50:58.983860343,0.9999999999999432
2023/07/03 16:50:59.50043184,0.9999999999999432
2023/07/03 16:50:59.83852846,0.9999999999999432
2023/07/03 16:50:59.150044803,0.9999999999999432
2023/07/03 16:50:59.183852160,0.9999999999999432
2023/07/03 16:50:59.250046163,0.9999999999999432
2023/07/03 16:50:59.283908824,0.9999999999999432
2023/07/03 16:50:59.350076956,0.9999999999999432
2023/07/03 16:50:59.383851822,0.9999999999999432
2023/07/03 16:50:59.450079267,0.9999999999999432
2023/07/03 16:50:59.483854895,0.9999999999999432
2023/07/03 16:50:59.550045700,0.9999999999999432
2023/07/03 16:50:59.583854289,0.9999999999999432
2023/07/03 16:50:59.650045096,0.9999999999999432
2023/07/03 16:50:59.683849077,0.9999999999999432
2023/07/03 16:50:59.750040202,0.9999999999999432
2023/07/03 16:50:59.783853520,0.9999999999999432
2023/07/03 16:50:59.850038786,0.9999999999999432
2023/07/03 16:50:59.883851584,0.9999999999999432
2023/07/03 16:50:59.950042681,0.9999999999999432
2023/07/03 16:50:59.983856338,0.9999999999999432
2023/07/03 16:51:00.50036296,0.9999999999999432
2023/07/03 16:51:00.83851099,0.9999999999999432
2023/07/03 16:51:00.150040202,0.9999999999999432
2023/07/03 16:51:00.183851637,0.9999999999999432
2023/07/03 16:51:00.250043476,0.9999999999999432
2023/07/03 16:51:00.283906798,0.9999999999999432
2023/07/03 16:51:00.350046799,0.9999999999999432
2023/07/03 16:51:00.383910111,0.9999999999999432
2023/07/03 16:51:00.450039925,0.9999999999999432
2023/07/03 16:51:00.483911723,0.9999999999999432
2023/07/03 16:51:00.550035454,0.9999999999999432
2023/07/03 16:51:00.583853992,0.9999999999999432
2023/07/03 16:51:00.650051571,0.9999999999999432
2023/07/03 16:51:00.683904173,0.9999999999999432
2023/07/03 16:51:00.750045569,0.9999999999999432
2023/07/03 16:51:00.783908150,0.9999999999999432
2023/07/03 16:51:00.850051056,0.9999999999999432
2023/07/03 16:51:00.883859616,0.9999999999999432
2023/07/03 16:51:00.950041896,0.9999999999999432
2023/07/03 16:51:00.983854934,0.9999999999999432
2023/07/03 16:51:01.50045241,0.9999999999999432
2023/07/03 16:51:01.83853300,0.9999999999999432
2023/07/03 16:51:01.150047434,0.9999999999999432
2023/07/03 16:51:01.183862316,0.9999999999999432
2023/07/03 16:51:01.250040009,0.9999999999999432
2023/07/03 16:51:01.283903532,0.9999999999999432
2023/07/03 16:51:01.350041140,0.9999999999999432
2023/07/03 16:51:01.383907529,0.9999999999999432
2023/07/03 16:51:01.450079772,0.9999999999999432
2023/07/03 16:51:01.483853868,0.9999999999999432
2023/07/03 16:51:01.550043112,0.9999999999999432
2023/07/03 16:51:01.583857895,0.9999999999999432
2023/07/03 16:51:01.650039123,0.9999999999999432
2023/07/03 16:51:01.683853966,0.9999999999999432
2023/07/03 16:51:01.750048790,0.9999999999999432
2023/07/03 16:51:01.783851090,0.9999999999999432
2023/07/03 16:51:01.850041716,0.9999999999999432
2023/07/03 16:51:01.883852211,0.9999999999999432
2023/07/03 16:51:01.950044412,0.9999999999999432
2023/07/03 16:51:01.983850987,0.9999999999999432
2023/07/03 16:51:02.50039361,0.9999999999999432
2023/07/03 16:51:02.83856098,0.9999999999999432
2023/07/03 16:51:02.150075400,0.9999999999999432
2023/07/03 16:51:02.183854183,0.9999999999999432
2023/07/03 16:51:02.250043232,0.9999999999999432
2023/07/03 16:51:02.283910752,0.9999999999999432
2023/07/03 16:51:02.350047808,0.9999999999999432
2023/07/03 16:51:02.383853333,0.9999999999999432
2023/07/03 16:51:02.450041026,0.9999999999999432
2023/07/03 16:51:02.483858414,0.9999999999999432
2023/07/03 16:51:02.550043151,0.9999999999999432
2023/07/03 16:51:02.583858956,0.9999999999999432
2023/07/03 16:51:02.650039384,0.9999999999999432
2023/07/03 16:51:02.683855470,0.9999999999999432
2023/07/03 16:51:02.750046899,0.9999999999999432
2023/07/03 16:51:02.783847144,0.9999999999999432
2023/07/03 16:51:02.850153010,0.9999999999999432
2023/07/03 16:51:02.883544064,1.0000000000000142
2023/07/03 16:51:02.949686453,0.9999999999999432
2023/07/03 16:51:02.983885967,1.0000000000000142
2023/07/03 16:51:03.49948987,0.9999999999999432
2023/07/03 16:51:03.83809316,1.0000000000000142
2023/07/03 16:51:03.149902320,0.9999999999999432
2023/07/03 16:51:03.183827679,1.0000000000000142
2023/07/03 16:51:03.249988295,0.9999999999999432
2023/07/03 16:51:03.283822132,1.0000000000000142
2023/07/03 16:51:03.349997712,0.9999999999999432
2023/07/03 16:51:03.383812994,1.0000000000000142
2023/07/03 16:51:03.450004475,0.9999999999999432
2023/07/03 16:51:03.483827644,1.0000000000000142
2023/07/03 16:51:03.550012583,0.9999999999999432
2023/07/03 16:51:03.583861269,1.0000000000000142
2023/07/03 16:51:03.649963802,0.9999999999999432
2023/07/03 16:51:03.683853065,1.0000000000000142
2023/07/03 16:51:03.749994181,0.9999999999999432
2023/07/03 16:51:03.783852997,1.0000000000000142
2023/07/03 16:51:03.850013378,0.9999999999999432
2023/07/03 16:51:03.883858529,1.0000000000000142
2023/07/03 16:51:03.950007669,0.9999999999999432
2023/07/03 16:51:03.983852098,1.0000000000000142
2023/07/03 16:51:04.50017892,0.9999999999999432
2023/07/03 16:51:04.83813699,1.0000000000000142
2023/07/03 16:51:04.150015169,0.9999999999999432
2023/07/03 16:51:04.183880879,1.0000000000000142
2023/07/03 16:51:04.250011327,0.9999999999999432
2023/07/03 16:51:04.283876134,1.0000000000000142
2023/07/03 16:51:04.350019605,0.9999999999999432
2023/07/03 16:51:04.383883911,1.0000000000000142
2023/07/03 16:51:04.450017816,0.9999999999999432
2023/07/03 16:51:04.483814054,1.0000000000000142
2023/07/03 16:51:04.550015164,0.9999999999999432
2023/07/03 16:51:04.583814688,1.0000000000000142
2023/07/03 16:51:04.650012000,0.9999999999999432
2023/07/03 16:51:04.683818178,1.0000000000000142
2023/07/03 16:51:04.750012866,0.9999999999999432
2023/07/03 16:51:04.783825635,1.0000000000000142
2023/07/03 16:51:04.850016315,0.9999999999999432
2023/07/03 16:51:04.883879709,1.0000000000000142
2023/07/03 16:51:04.950014134,0.9999999999999432
2023/07/03 16:51:04.983814100,1.0000000000000142
2023/07/03 16:51:05.50015120,0.9999999999999432
2023/07/03 16:51:05.83879818,1.0000000000000142
2023/07/03 16:51:05.150014543,0.9999999999999432
2023/07/03 16:51:05.183817866,1.0000000000000142
2023/07/03 16:51:05.250007831,0.9999999999999432
2023/07/03 16:51:05.283869199,1.0000000000000142
2023/07/03 16:51:05.350007399,0.9999999999999432
2023/07/03 16:51:05.383878878,1.0000000000000142
2023/07/03 16:51:05.450012853,0.9999999999999432
2023/07/03 16:51:05.483873292,1.0000000000000142
2023/07/03 16:51:05.550018738,0.9999999999999432
2023/07/03 16:51:05.583869850,1.0000000000000142
2023/07/03 16:51:05.650014845,0.9999999999999432
2023/07/03 16:51:05.683817465,1.0000000000000142
2023/07/03 16:51:05.750015370,0.9999999999999432
2023/07/03 16:51:05.783879197,1.0000000000000142
2023/07/03 16:51:05.850010046,0.9999999999999432
2023/07/03 16:51:05.883826141,1.0000000000000142
2023/07/03 16:51:05.950013245,0.9999999999999432
2023/07/03 16:51:05.983817168,1.0000000000000142
2023/07/03 16:51:06.50014512,0.9999999999999432
2023/07/03 16:51:06.83877126,1.0000000000000142
2023/07/03 16:51:06.150011042,0.9999999999999432
2023/07/03 16:51:06.183876650,1.0000000000000142
2023/07/03 16:51:06.250066893,0.9999999999999432
2023/07/03 16:51:06.283922483,1.0000000000000142
2023/07/03 16:51:06.350025731,0.9999999999999432
2023/07/03 16:51:06.383843970,1.0000000000000142
2023/07/03 16:51:06.449896703,0.9999999999999432
2023/07/03 16:51:06.483754588,1.0000000000000142
2023/07/03 16:51:06.550023417,0.9999999999999432
2023/07/03 16:51:06.583972184,1.0000000000000142
2023/07/03 16:51:06.650026670,0.9999999999999432
2023/07/03 16:51:06.683883854,1.0000000000000142
2023/07/03 16:51:06.750023760,0.9999999999999432
2023/07/03 16:51:06.783867499,1.0000000000000142
2023/07/03 16:51:06.850020991,0.9999999999999432
2023/07/03 16:51:06.883873597,1.0000000000000142
2023/07/03 16:51:06.950017831,0.9999999999999432
2023/07/03 16:51:06.983960506,1.0000000000000142
2023/07/03 16:51:07.50017947,0.9999999999999432
2023/07/03 16:51:07.83885842,1.0000000000000142
2023/07/03 16:51:07.150021882,0.9999999999999432
2023/07/03 16:51:07.183871933,1.0000000000000142
2023/07/03 16:51:07.250023775,0.9999999999999432
2023/07/03 16:51:07.283953485,1.0000000000000142
2023/07/03 16:51:07.350028950,0.9999999999999432
2023/07/03 16:51:07.383863973,1.0000000000000142
2023/07/03 16:51:07.450024861,0.9999999999999432
2023/07/03 16:51:07.483877005,1.0000000000000142
2023/07/03 16:51:07.550019136,0.9999999999999432
2023/07/03 16:51:07.583866473,1.0000000000000142
2023/07/03 16:51:07.650018532,0.9999999999999432
2023/07/03 16:51:07.683869224,1.0000000000000142
2023/07/03 16:51:07.750018049,0.9999999999999432
2023/07/03 16:51:07.783875003,1.0000000000000142
2023/07/03 16:51:07.850022585,0.9999999999999432
2023/07/03 16:51:07.883897874,1.0000000000000142
2023/07/03 16:51:07.950021221,0.9999999999999432
2023/07/03 16:51:07.983892632,1.0000000000000142
2023/07/03 16:51:08.50020849,0.9999999999999432
2023/07/03 16:51:08.83883674,1.0000000000000142
2023/07/03 16:51:08.150021318,0.9999999999999432
2023/07/03 16:51:08.183894984,1.0000000000000142
2023/07/03 16:51:08.250018461,0.9999999999999432
2023/07/03 16:51:08.283913126,1.0000000000000142
2023/07/03 16:51:08.350017718,0.9999999999999432
2023/07/03 16:51:08.383902585,1.0000000000000142
2023/07/03 16:51:08.450070778,0.9999999999999432
2023/07/03 16:51:08.483994598,1.0000000000000142
2023/07/03 16:51:08.550212752,0.9999999999999432
2023/07/03 16:51:08.584042074,1.0000000000000142
2023/07/03 16:51:08.650021572,0.9999999999999432
2023/07/03 16:51:08.683869289,1.0000000000000142
2023/07/03 16:51:08.750021690,0.9999999999999432
2023/07/03 16:51:08.783879245,1.0000000000000142
2023/07/03 16:51:08.850019063,0.9999999999999432
2023/07/03 16:51:08.883887490,1.0000000000000142
2023/07/03 16:51:08.950021607,0.9999999999999432
2023/07/03 16:51:08.983900272,1.0000000000000142
2023/07/03 16:51:09.50020214,0.9999999999999432
2023/07/03 16:51:09.83874041,1.0000000000000142
2023/07/03 16:51:09.150020573,0.9999999999999432
2023/07/03 16:51:09.183893928,1.0000000000000142
2023/07/03 16:51:09.250020833,0.9999999999999432
2023/07/03 16:51:09.283879592,1.0000000000000142
2023/07/03 16:51:09.350017806,0.9999999999999432
2023/07/03 16:51:09.383882646,1.0000000000000142
2023/07/03 16:51:09.450019680,0.9999999999999432
2023/07/03 16:51:09.483878288,1.0000000000000142
2023/07/03 16:51:09.550022775,0.9999999999999432
2023/07/03 16:51:09.583878358,1.0000000000000142
2023/07/03 16:51:09.650023707,0.9999999999999432
2023/07/03 16:51:09.683878046,1.0000000000000142
2023/07/03 16:51:09.750021893,0.9999999999999432
2023/07/03 16:51:09.783879348,1.0000000000000142
2023/07/03 16:51:09.850016723,0.9999999999999432
2023/07/03 16:51:09.883914676,1.0000000000000142
2023/07/03 16:51:09.950015652,0.9999999999999432
2023/07/03 16:51:09.983905508,1.0000000000000142
2023/07/03 16:51:10.50022274,0.9999999999999432
2023/07/03 16:51:10.84007321,1.0000000000000142
2023/07/03 16:51:10.150511285,0.9999999999999432
2023/07/03 16:51:10.184023952,1.0000000000000142
2023/07/03 16:51:10.250139567,0.9999999999999432
2023/07/03 16:51:10.284166701,1.0000000000000142
2023/07/03 16:51:10.350255115,0.9999999999999432
2023/07/03 16:51:10.383924888,1.0000000000000142
2023/07/03 16:51:10.450049229,0.9999999999999432
2023/07/03 16:51:10.483932161,1.0000000000000142
2023/07/03 16:51:10.550043378,0.9999999999999432
2023/07/03 16:51:10.584084850,1.0000000000000142
2023/07/03 16:51:10.650155079,0.9999999999999432
2023/07/03 16:51:10.683951651,1.0000000000000142
2023/07/03 16:51:10.750127658,0.9999999999999432
2023/07/03 16:51:10.784164853,1.0000000000000142
2023/07/03 16:51:10.850065743,0.9999999999999432
2023/07/03 16:51:10.884181746,1.0000000000000142
2023/07/03 16:51:10.950050839,0.9999999999999432
2023/07/03 16:51:10.984176149,1.0000000000000142
2023/07/03 16:51:11.50055229,0.9999999999999432
2023/07/03 16:51:11.84269325,1.0000000000000142
2023/07/03 16:51:11.150066672,0.9999999999999432
2023/07/03 16:51:11.184205698,1.0000000000000142
2023/07/03 16:51:11.250092804,0.9999999999999432
2023/07/03 16:51:11.284302042,1.0000000000000142
2023/07/03 16:51:11.350033575,0.9999999999999432
2023/07/03 16:51:11.383871274,1.0000000000000142
2023/07/03 16:51:11.450031924,0.9999999999999432
2023/07/03 16:51:11.483930027,1.0000000000000142
2023/07/03 16:51:11.550065660,0.9999999999999432
2023/07/03 16:51:11.584237047,1.0000000000000142
2023/07/03 16:51:11.650331081,0.9999999999999432
2023/07/03 16:51:11.683955038,1.0000000000000142
2023/07/03 16:51:11.750193464,0.9999999999999432
2023/07/03 16:51:11.783915005,1.0000000000000142
2023/07/03 16:51:11.850066808,0.9999999999999432
2023/07/03 16:51:11.883921881,1.0000000000000142
2023/07/03 16:51:11.950025673,0.9999999999999432
2023/07/03 16:51:11.983936150,1.0000000000000142
2023/07/03 16:51:12.50012250,0.9999999999999432
2023/07/03 16:51:12.83872984,1.0000000000000142
2023/07/03 16:51:12.150013146,0.9999999999999432
2023/07/03 16:51:12.183863269,1.0000000000000142
2023/07/03 16:51:12.250013651,0.9999999999999432
2023/07/03 16:51:12.283868995,1.0000000000000142
2023/07/03 16:51:12.350015248,0.9999999999999432
2023/07/03 16:51:12.383859841,1.0000000000000142
2023/07/03 16:51:12.450011735,0.9999999999999432
2023/07/03 16:51:12.483874613,1.0000000000000142
2023/07/03 16:51:12.550001551,0.9999999999999432
2023/07/03 16:51:12.583860190,1.0000000000000142
2023/07/03 16:51:12.650017357,0.9999999999999432
2023/07/03 16:51:12.683860795,1.0000000000000142
2023/07/03 16:51:12.750032528,0.9999999999999432
2023/07/03 16:51:12.783860079,1.0000000000000142
2023/07/03 16:51:12.850020549,0.9999999999999432
2023/07/03 16:51:12.883892242,1.0000000000000142
2023/07/03 16:51:12.950008860,0.9999999999999432
2023/07/03 16:51:12.983877168,1.0000000000000142
2023/07/03 16:51:13.50039372,0.9999999999999432
2023/07/03 16:51:13.83926826,1.0000000000000142
2023/07/03 16:51:13.150003590,0.9999999999999432
2023/07/03 16:51:13.183879923,1.0000000000000142
2023/07/03 16:51:13.250013775,0.9999999999999432
2023/07/03 16:51:13.283869398,1.0000000000000142
2023/07/03 16:51:13.350012978,0.9999999999999432
2023/07/03 16:51:13.383868721,1.0000000000000142
2023/07/03 16:51:13.450013844,0.9999999999999432
2023/07/03 16:51:13.483876863,1.0000000000000142
2023/07/03 16:51:13.550008638,0.9999999999999432
2023/07/03 16:51:13.584141133,1.0000000000000142
2023/07/03 16:51:13.650085558,0.9999999999999432
2023/07/03 16:51:13.684023036,1.0000000000000142
2023/07/03 16:51:13.750016522,0.9999999999999432
2023/07/03 16:51:13.783887315,1.0000000000000142
2023/07/03 16:51:13.850724861,0.9999999999999432
2023/07/03 16:51:13.884299405,1.0000000000000142
2023/07/03 16:51:13.950408621,0.9999999999999432
2023/07/03 16:51:13.983883649,1.0000000000000142
2023/07/03 16:51:14.50027509,0.9999999999999432
2023/07/03 16:51:14.83932737,1.0000000000000142
2023/07/03 16:51:14.150066609,0.9999999999999432
2023/07/03 16:51:14.184008396,1.0000000000000142
2023/07/03 16:51:14.249907136,0.9999999999999432
2023/07/03 16:51:14.283914445,1.0000000000000142
2023/07/03 16:51:14.349929533,0.9999999999999432
2023/07/03 16:51:14.383730334,1.0000000000000142
2023/07/03 16:51:14.449903851,0.9999999999999432
2023/07/03 16:51:14.483797888,1.0000000000000142
2023/07/03 16:51:14.549960123,0.9999999999999432
2023/07/03 16:51:14.583831087,1.0000000000000142
2023/07/03 16:51:14.649909795,0.9999999999999432
2023/07/03 16:51:14.683784145,1.0000000000000142
2023/07/03 16:51:14.750018646,0.9999999999999432
2023/07/03 16:51:14.783965212,1.0000000000000142
2023/07/03 16:51:14.849944684,0.9999999999999432
2023/07/03 16:51:14.883858848,1.0000000000000142
2023/07/03 16:51:14.949984104,0.9999999999999432
2023/07/03 16:51:14.984045055,1.0000000000000142
2023/07/03 16:51:15.49891346,0.9999999999999432
2023/07/03 16:51:15.83969860,1.0000000000000142
2023/07/03 16:51:15.150006521,0.9999999999999432
2023/07/03 16:51:15.183865722,1.0000000000000142
2023/07/03 16:51:15.250003691,0.9999999999999432
2023/07/03 16:51:15.284055697,1.0000000000000142
2023/07/03 16:51:15.350001326,1.0000000000000142
2023/07/03 16:51:15.384071423,1.0000000000000142
2023/07/03 16:51:15.449971237,1.0000000000000142
2023/07/03 16:51:15.484068346,1.0000000000000142
2023/07/03 16:51:15.549959082,1.0000000000000142
2023/07/03 16:51:15.584052195,1.0000000000000142
2023/07/03 16:51:15.649949212,1.0000000000000142
2023/07/03 16:51:15.684101084,1.0000000000000142
2023/07/03 16:51:15.750000079,1.0000000000000142
2023/07/03 16:51:15.784060525,1.0000000000000142
2023/07/03 16:51:15.849995154,1.0000000000000142
2023/07/03 16:51:15.884032781,1.0000000000000142
2023/07/03 16:51:15.949964895,1.0000000000000142
2023/07/03 16:51:15.983965793,1.0000000000000142
2023/07/03 16:51:16.50008175,1.0000000000000142
2023/07/03 16:51:16.83867648,1.0000000000000142
2023/07/03 16:51:16.150011901,1.0000000000000142
2023/07/03 16:51:16.183867516,1.0000000000000142
2023/07/03 16:51:16.250010127,1.0000000000000142
2023/07/03 16:51:16.283853459,1.0000000000000142
2023/07/03 16:51:16.350054089,1.0000000000000142
2023/07/03 16:51:16.383982691,1.0000000000000142
2023/07/03 16:51:16.450005225,1.0000000000000142
2023/07/03 16:51:16.483919330,1.0000000000000142
2023/07/03 16:51:16.550047283,1.0000000000000142
2023/07/03 16:51:16.584117202,1.0000000000000142
2023/07/03 16:51:16.650219326,1.0000000000000142
2023/07/03 16:51:16.683868723,1.0000000000000142
2023/07/03 16:51:16.750026763,1.0000000000000142
2023/07/03 16:51:16.783873892,1.0000000000000142
2023/07/03 16:51:16.850129595,1.0000000000000142
2023/07/03 16:51:16.884352992,1.0000000000000142
2023/07/03 16:51:16.950007565,1.0000000000000142
2023/07/03 16:51:16.983876345,1.0000000000000142
2023/07/03 16:51:17.50035876,1.0000000000000142
2023/07/03 16:51:17.83868800,1.0000000000000142
2023/07/03 16:51:17.150011884,1.0000000000000142
2023/07/03 16:51:17.183852631,1.0000000000000142
2023/07/03 16:51:17.250192173,1.0000000000000142
2023/07/03 16:51:17.283856529,1.0000000000000142
2023/07/03 16:51:17.350016602,1.0000000000000142
2023/07/03 16:51:17.383868772,1.0000000000000142
2023/07/03 16:51:17.450009440,1.0000000000000142
2023/07/03 16:51:17.484054672,1.0000000000000142
2023/07/03 16:51:17.550049965,1.0000000000000142
2023/07/03 16:51:17.583838484,1.0000000000000142
2023/07/03 16:51:17.650008757,1.0000000000000142
2023/07/03 16:51:17.683851909,1.0000000000000142
2023/07/03 16:51:17.750010300,1.0000000000000142
2023/07/03 16:51:17.783936819,1.0000000000000142
2023/07/03 16:51:17.850190569,1.0000000000000142
2023/07/03 16:51:17.883881526,1.0000000000000142
2023/07/03 16:51:17.950011603,1.0000000000000142
2023/07/03 16:51:17.984065402,1.0000000000000142
2023/07/03 16:51:18.50039196,1.0000000000000142
2023/07/03 16:51:18.83936541,1.0000000000000142
2023/07/03 16:51:18.150071590,1.0000000000000142
2023/07/03 16:51:18.183858829,1.0000000000000142
2023/07/03 16:51:18.250016859,1.0000000000000142
2023/07/03 16:51:18.283854089,1.0000000000000142
2023/07/03 16:51:18.350002244,1.0000000000000142
2023/07/03 16:51:18.383846088,1.0000000000000142
2023/07/03 16:51:18.450009669,1.0000000000000142
2023/07/03 16:51:18.483864845,1.0000000000000142
2023/07/03 16:51:18.550050438,1.0000000000000142
2023/07/03 16:51:18.583913049,1.0000000000000142
2023/07/03 16:51:18.650050038,1.0000000000000142
2023/07/03 16:51:18.683890697,1.0000000000000142
2023/07/03 16:51:18.750065650,1.0000000000000142
2023/07/03 16:51:18.783855763,1.0000000000000142
2023/07/03 16:51:18.850051415,1.0000000000000142
2023/07/03 16:51:18.883917342,1.0000000000000142
2023/07/03 16:51:18.950052448,1.0000000000000142
2023/07/03 16:51:18.983915809,1.0000000000000142
2023/07/03 16:51:19.50054253,1.0000000000000142
2023/07/03 16:51:19.83952160,1.0000000000000142
2023/07/03 16:51:19.150214278,1.0000000000000142
2023/07/03 16:51:19.183870960,1.0000000000000142
2023/07/03 16:51:19.250010806,1.0000000000000142
2023/07/03 16:51:19.283860021,1.0000000000000142
2023/07/03 16:51:19.350000069,1.0000000000000142
2023/07/03 16:51:19.383874492,1.0000000000000142
2023/07/03 16:51:19.450063221,1.0000000000000142
2023/07/03 16:51:19.483917225,1.0000000000000142
2023/07/03 16:51:19.550051572,1.0000000000000142
2023/07/03 16:51:19.583867806,1.0000000000000142
2023/07/03 16:51:19.650020927,1.0000000000000142
2023/07/03 16:51:19.683934013,1.0000000000000142
2023/07/03 16:51:19.750053189,1.0000000000000142
2023/07/03 16:51:19.783863454,1.0000000000000142
2023/07/03 16:51:19.850056132,1.0000000000000142
2023/07/03 16:51:19.883858418,1.0000000000000142
2023/07/03 16:51:19.950051235,1.0000000000000142
2023/07/03 16:51:19.983862158,1.0000000000000142
2023/07/03 16:51:20.50052640,1.0000000000000142
2023/07/03 16:51:20.83919859,1.0000000000000142
2023/07/03 16:51:20.150049841,1.0000000000000142
2023/07/03 16:51:20.183927429,1.0000000000000142
2023/07/03 16:51:20.250130157,1.0000000000000142
2023/07/03 16:51:20.283950628,1.0000000000000142
2023/07/03 16:51:20.350113831,1.0000000000000142
2023/07/03 16:51:20.383886682,1.0000000000000142
2023/07/03 16:51:20.450051918,1.0000000000000142
2023/07/03 16:51:20.483858864,1.0000000000000142
2023/07/03 16:51:20.550051702,1.0000000000000142
2023/07/03 16:51:20.583891208,1.0000000000000142
2023/07/03 16:51:20.650066734,1.0000000000000142
2023/07/03 16:51:20.683884179,1.0000000000000142
2023/07/03 16:51:20.750027795,1.0000000000000142
2023/07/03 16:51:20.783914300,1.0000000000000142
2023/07/03 16:51:20.850203961,1.0000000000000142
2023/07/03 16:51:20.883889768,1.0000000000000142
2023/07/03 16:51:20.950031259,1.0000000000000142
2023/07/03 16:51:20.983884692,1.0000000000000142
2023/07/03 16:51:21.50056878,1.0000000000000142
2023/07/03 16:51:21.83867014,1.0000000000000142
2023/07/03 16:51:21.150047108,1.0000000000000142
2023/07/03 16:51:21.183885784,1.0000000000000142
2023/07/03 16:51:21.250015304,1.0000000000000142
2023/07/03 16:51:21.283870741,1.0000000000000142
2023/07/03 16:51:21.350015139,1.0000000000000142
2023/07/03 16:51:21.383860938,1.0000000000000142
2023/07/03 16:51:21.450006859,1.0000000000000142
2023/07/03 16:51:21.483860543,1.0000000000000142
2023/07/03 16:51:21.550013738,1.0000000000000142
2023/07/03 16:51:21.583866479,1.0000000000000142
2023/07/03 16:51:21.650015747,1.0000000000000142
2023/07/03 16:51:21.683860503,1.0000000000000142
2023/07/03 16:51:21.750010211,1.0000000000000142
2023/07/03 16:51:21.783866159,1.0000000000000142
2023/07/03 16:51:21.850010445,1.0000000000000142
2023/07/03 16:51:21.883867215,1.0000000000000142
2023/07/03 16:51:21.950015420,1.0000000000000142
2023/07/03 16:51:21.983870136,1.0000000000000142
2023/07/03 16:51:22.50015807,1.0000000000000142
2023/07/03 16:51:22.83865755,1.0000000000000142
2023/07/03 16:51:22.150017406,1.0000000000000142
2023/07/03 16:51:22.183874136,1.0000000000000142
2023/07/03 16:51:22.250016592,1.0000000000000142
2023/07/03 16:51:22.283868372,1.0000000000000142
2023/07/03 16:51:22.350017891,1.0000000000000142
2023/07/03 16:51:22.383872547,1.0000000000000142
2023/07/03 16:51:22.450011145,1.0000000000000142
2023/07/03 16:51:22.483873986,1.0000000000000142
2023/07/03 16:51:22.550016172,1.0000000000000142
2023/07/03 16:51:22.583874174,1.0000000000000142
2023/07/03 16:51:22.650296786,1.0000000000000142
2023/07/03 16:51:22.683871295,1.0000000000000142
2023/07/03 16:51:22.750057684,1.0000000000000142
2023/07/03 16:51:22.783907802,1.0000000000000142
2023/07/03 16:51:22.850057379,1.0000000000000142
2023/07/03 16:51:22.883912396,1.0000000000000142
2023/07/03 16:51:22.950049370,1.0000000000000142
2023/07/03 16:51:22.983873520,1.0000000000000142
2023/07/03 16:51:23.50011257,1.0000000000000142
2023/07/03 16:51:23.83871033,1.0000000000000142
2023/07/03 16:51:23.150013750,1.0000000000000142
2023/07/03 16:51:23.183897321,1.0000000000000142
2023/07/03 16:51:23.250008879,1.0000000000000142
2023/07/03 16:51:23.283865639,1.0000000000000142
2023/07/03 16:51:23.350014216,1.0000000000000142
2023/07/03 16:51:23.383870676,1.0000000000000142
2023/07/03 16:51:23.450009935,1.0000000000000142
2023/07/03 16:51:23.483866637,1.0000000000000142
2023/07/03 16:51:23.550008842,1.0000000000000142
2023/07/03 16:51:23.583868497,1.0000000000000142
2023/07/03 16:51:23.650015081,1.0000000000000142
2023/07/03 16:51:23.683866172,1.0000000000000142
2023/07/03 16:51:23.750009539,1.0000000000000142
2023/07/03 16:51:23.783870016,1.0000000000000142
2023/07/03 16:51:23.850013266,1.0000000000000142
2023/07/03 16:51:23.884101511,1.0000000000000142
2023/07/03 16:51:23.950059560,1.0000000000000142
2023/07/03 16:51:23.983872880,1.0000000000000142
2023/07/03 16:51:24.50089445,1.0000000000000142
2023/07/03 16:51:24.83871937,1.0000000000000142
2023/07/03 16:51:24.150017119,1.0000000000000142
2023/07/03 16:51:24.183868970,1.0000000000000142
2023/07/03 16:51:24.250018712,1.0000000000000142
2023/07/03 16:51:24.284105095,1.0000000000000142
2023/07/03 16:51:24.350693019,1.0000000000000142
2023/07/03 16:51:24.384125542,1.0000000000000142
2023/07/03 16:51:24.449970910,1.0000000000000142
2023/07/03 16:51:24.483827110,1.0000000000000142
2023/07/03 16:51:24.549971912,1.0000000000000142
2023/07/03 16:51:24.583871293,1.0000000000000142
2023/07/03 16:51:24.650002488,1.0000000000000142
2023/07/03 16:51:24.683836306,1.0000000000000142
2023/07/03 16:51:24.749995074,1.0000000000000142
2023/07/03 16:51:24.783833871,1.0000000000000142
2023/07/03 16:51:24.849972140,1.0000000000000142
2023/07/03 16:51:24.883821518,1.0000000000000142
2023/07/03 16:51:24.949956329,1.0000000000000142
2023/07/03 16:51:24.983936222,1.0000000000000142
2023/07/03 16:51:25.50122683,1.0000000000000142
2023/07/03 16:51:25.84003560,1.0000000000000142
2023/07/03 16:51:25.150107084,1.0000000000000142
2023/07/03 16:51:25.183970788,1.0000000000000142
2023/07/03 16:51:25.250136510,1.0000000000000142
2023/07/03 16:51:25.284019541,1.0000000000000142
2023/07/03 16:51:25.349990255,1.0000000000000142
2023/07/03 16:51:25.383970629,1.0000000000000142
2023/07/03 16:51:25.449970549,1.0000000000000142
2023/07/03 16:51:25.483824736,1.0000000000000142
2023/07/03 16:51:25.550115244,1.0000000000000142
2023/07/03 16:51:25.583961846,1.0000000000000142
2023/07/03 16:51:25.649972766,1.0000000000000142
2023/07/03 16:51:25.683785243,1.0000000000000142
2023/07/03 16:51:25.750365737,1.0000000000000142
2023/07/03 16:51:25.783866587,1.0000000000000142
2023/07/03 16:51:25.850007913,1.0000000000000142
2023/07/03 16:51:25.883985832,1.0000000000000142
2023/07/03 16:51:25.950056715,1.0000000000000142
2023/07/03 16:51:25.983884362,1.0000000000000142
2023/07/03 16:51:26.50045725,1.0000000000000142
2023/07/03 16:51:26.83850188,1.0000000000000142
2023/07/03 16:51:26.150013847,1.0000000000000142
2023/07/03 16:51:26.184142220,1.0000000000000142
2023/07/03 16:51:26.249988431,1.0000000000000142
2023/07/03 16:51:26.283853118,1.0000000000000142
2023/07/03 16:51:26.350008601,1.0000000000000142
2023/07/03 16:51:26.383902152,1.0000000000000142
2023/07/03 16:51:26.450071431,1.0000000000000142
2023/07/03 16:51:26.483864974,1.0000000000000142
2023/07/03 16:51:26.550229950,1.0000000000000142
2023/07/03 16:51:26.584040707,1.0000000000000142
2023/07/03 16:51:26.650008676,1.0000000000000142
2023/07/03 16:51:26.683867872,1.0000000000000142
2023/07/03 16:51:26.749984884,1.0000000000000142
2023/07/03 16:51:26.783902339,1.0000000000000142
2023/07/03 16:51:26.850013650,1.0000000000000142
2023/07/03 16:51:26.884198018,1.0000000000000142
2023/07/03 16:51:26.950489777,1.0000000000000142
2023/07/03 16:51:26.984026978,1.0000000000000142
2023/07/03 16:51:27.50008244,1.0000000000000142
2023/07/03 16:51:27.83878672,1.0000000000000142
2023/07/03 16:51:27.150012143,1.0000000000000142
2023/07/03 16:51:27.183894574,1.0000000000000142
2023/07/03 16:51:27.250017146,1.0000000000000142
2023/07/03 16:51:27.283868718,1.0000000000000142
2023/07/03 16:51:27.350051633,1.0000000000000142
2023/07/03 16:51:27.383900512,1.0000000000000142
2023/07/03 16:51:27.450017884,1.0000000000000142
2023/07/03 16:51:27.483894393,1.0000000000000142
2023/07/03 16:51:27.550015540,1.0000000000000142
2023/07/03 16:51:27.584056951,1.0000000000000142
2023/07/03 16:51:27.650041323,1.0000000000000142
2023/07/03 16:51:27.683888066,1.0000000000000142
2023/07/03 16:51:27.750007944,1.0000000000000142
2023/07/03 16:51:27.783876378,1.0000000000000142
2023/07/03 16:51:27.850242959,1.0000000000000142
2023/07/03 16:51:27.884077710,1.0000000000000142
2023/07/03 16:51:27.950010546,1.0000000000000142
2023/07/03 16:51:27.983933431,1.0000000000000142
2023/07/03 16:51:28.50003426,1.0000000000000142
2023/07/03 16:51:28.83867932,1.0000000000000142
2023/07/03 16:51:28.150033033,1.0000000000000142
2023/07/03 16:51:28.183884037,1.0000000000000142
2023/07/03 16:51:28.250018393,1.0000000000000142
2023/07/03 16:51:28.283885906,1.0000000000000142
2023/07/03 16:51:28.350019870,1.0000000000000142
2023/07/03 16:51:28.383865813,1.0000000000000142
2023/07/03 16:51:28.450016840,1.0000000000000142
2023/07/03 16:51:28.483870446,1.0000000000000142
2023/07/03 16:51:28.550021512,1.0000000000000142
2023/07/03 16:51:28.583871662,1.0000000000000142
2023/07/03 16:51:28.650389107,1.0000000000000142
2023/07/03 16:51:28.683980862,1.0000000000000142
2023/07/03 16:51:28.750102634,1.0000000000000142
2023/07/03 16:51:28.783886298,1.0000000000000142
2023/07/03 16:51:28.850012108,1.0000000000000142
2023/07/03 16:51:28.883868680,1.0000000000000142
2023/07/03 16:51:28.950006380,1.0000000000000142
2023/07/03 16:51:28.983867110,1.0000000000000142
2023/07/03 16:51:29.50054374,1.0000000000000142
2023/07/03 16:51:29.83949020,1.0000000000000142
2023/07/03 16:51:29.150010489,1.0000000000000142
2023/07/03 16:51:29.183885717,1.0000000000000142
2023/07/03 16:51:29.250015775,1.0000000000000142
2023/07/03 16:51:29.283881444,1.0000000000000142
2023/07/03 16:51:29.350037040,1.0000000000000142
2023/07/03 16:51:29.383875539,1.0000000000000142
2023/07/03 16:51:29.450019343,1.0000000000000142
2023/07/03 16:51:29.483870345,1.0000000000000142
2023/07/03 16:51:29.550015752,1.0000000000000142
2023/07/03 16:51:29.583937778,1.0000000000000142
2023/07/03 16:51:29.650069158,1.0000000000000142
2023/07/03 16:51:29.683916704,1.0000000000000142
2023/07/03 16:51:29.750052934,1.0000000000000142
2023/07/03 16:51:29.783866516,1.0000000000000142
2023/07/03 16:51:29.850016842,1.0000000000000142
2023/07/03 16:51:29.883866802,1.0000000000000142
2023/07/03 16:51:29.950015014,1.0000000000000142
2023/07/03 16:51:29.983868571,1.0000000000000142
2023/07/03 16:51:30.50016473,1.0000000000000142
2023/07/03 16:51:30.83950681,1.0000000000000142
2023/07/03 16:51:30.150020508,1.0000000000000142
2023/07/03 16:51:30.183894634,1.0000000000000142
2023/07/03 16:51:30.250016277,1.0000000000000142
2023/07/03 16:51:30.283868462,1.0000000000000142
2023/07/03 16:51:30.350031652,1.0000000000000142
2023/07/03 16:51:30.383862478,1.0000000000000142
2023/07/03 16:51:30.450012794,1.0000000000000142
2023/07/03 16:51:30.483863214,1.0000000000000142
2023/07/03 16:51:30.550012290,1.0000000000000142
2023/07/03 16:51:30.583845489,1.0000000000000142
2023/07/03 16:51:30.650011716,1.0000000000000142
2023/07/03 16:51:30.684026477,1.0000000000000142
2023/07/03 16:51:30.750121729,1.0000000000000142
2023/07/03 16:51:30.783949588,1.0000000000000142
2023/07/03 16:51:30.850010717,1.0000000000000142
2023/07/03 16:51:30.883872901,1.0000000000000142
2023/07/03 16:51:30.950016005,1.0000000000000142
2023/07/03 16:51:30.983877567,1.0000000000000142
2023/07/03 16:51:31.50056569,1.0000000000000142
2023/07/03 16:51:31.83927840,1.0000000000000142
2023/07/03 16:51:31.150056878,1.0000000000000142
2023/07/03 16:51:31.184327912,1.0000000000000142
2023/07/03 16:51:31.250647949,1.0000000000000142
2023/07/03 16:51:31.284178468,1.0000000000000142
2023/07/03 16:51:31.350062665,1.0000000000000142
2023/07/03 16:51:31.383924099,1.0000000000000142
2023/07/03 16:51:31.450056764,1.0000000000000142
2023/07/03 16:51:31.484110487,1.0000000000000142
2023/07/03 16:51:31.550059677,1.0000000000000142
2023/07/03 16:51:31.583920629,1.0000000000000142
2023/07/03 16:51:31.650056891,1.0000000000000142
2023/07/03 16:51:31.683912371,1.0000000000000142
2023/07/03 16:51:31.750067148,1.0000000000000142
2023/07/03 16:51:31.783873817,1.0000000000000142
2023/07/03 16:51:31.850050796,1.0000000000000142
2023/07/03 16:51:31.883884526,1.0000000000000142
2023/07/03 16:51:31.950057436,1.0000000000000142
2023/07/03 16:51:31.983877330,1.0000000000000142
2023/07/03 16:51:32.50058227,1.0000000000000142
2023/07/03 16:51:32.83916644,1.0000000000000142
2023/07/03 16:51:32.150058467,1.0000000000000142
2023/07/03 16:51:32.183914370,1.0000000000000142
2023/07/03 16:51:32.250063576,1.0000000000000142
2023/07/03 16:51:32.283916975,1.0000000000000142
2023/07/03 16:51:32.350066421,1.0000000000000142
2023/07/03 16:51:32.383922775,1.0000000000000142
2023/07/03 16:51:32.450055057,1.0000000000000142
2023/07/03 16:51:32.483912614,1.0000000000000142
2023/07/03 16:51:32.550175044,1.0000000000000142
2023/07/03 16:51:32.583934726,1.0000000000000142
2023/07/03 16:51:32.650058877,1.0000000000000142
2023/07/03 16:51:32.683921242,1.0000000000000142
2023/07/03 16:51:32.750055369,1.0000000000000142
2023/07/03 16:51:32.783921312,1.0000000000000142
2023/07/03 16:51:32.850060168,1.0000000000000142
2023/07/03 16:51:32.883921882,1.0000000000000142
2023/07/03 16:51:32.950047854,1.0000000000000142
2023/07/03 16:51:32.983916141,1.0000000000000142
2023/07/03 16:51:33.50055239,1.0000000000000142
2023/07/03 16:51:33.83875806,1.0000000000000142
2023/07/03 16:51:33.150055210,1.0000000000000142
2023/07/03 16:51:33.183909561,1.0000000000000142
2023/07/03 16:51:33.250052506,1.0000000000000142
2023/07/03 16:51:33.284524539,1.0000000000000142
2023/07/03 16:51:33.350048800,1.0000000000000142
2023/07/03 16:51:33.383921736,1.0000000000000142
2023/07/03 16:51:33.450051346,1.0000000000000142
2023/07/03 16:51:33.484224204,1.0000000000000142
2023/07/03 16:51:33.550063619,1.0000000000000142
2023/07/03 16:51:33.583913110,1.0000000000000142
2023/07/03 16:51:33.650060223,1.0000000000000142
2023/07/03 16:51:33.683863718,1.0000000000000142
2023/07/03 16:51:33.750056708,1.0000000000000142
2023/07/03 16:51:33.783871584,1.0000000000000142
2023/07/03 16:51:33.850061989,1.0000000000000142
2023/07/03 16:51:33.883893015,1.0000000000000142
2023/07/03 16:51:33.950060597,1.0000000000000142
2023/07/03 16:51:33.983920448,1.0000000000000142
2023/07/03 16:51:34.50058887,1.0000000000000142
2023/07/03 16:51:34.83944837,1.0000000000000142
2023/07/03 16:51:34.150059361,1.0000000000000142
2023/07/03 16:51:34.183910425,1.0000000000000142
2023/07/03 16:51:34.250054715,1.0000000000000142
2023/07/03 16:51:34.283907482,1.0000000000000142
2023/07/03 16:51:34.350064554,1.0000000000000142
2023/07/03 16:51:34.383912543,1.0000000000000142
2023/07/03 16:51:34.450049359,1.0000000000000142
2023/07/03 16:51:34.483871139,1.0000000000000142
2023/07/03 16:51:34.550056684,1.0000000000000142
2023/07/03 16:51:34.583912549,1.0000000000000142
2023/07/03 16:51:34.650067588,1.0000000000000142
2023/07/03 16:51:34.683865632,1.0000000000000142
2023/07/03 16:51:34.750058714,1.0000000000000142
2023/07/03 16:51:34.783873049,1.0000000000000142
2023/07/03 16:51:34.849975999,1.0000000000000142
2023/07/03 16:51:34.883862091,1.0000000000000142
2023/07/03 16:51:34.950057866,1.0000000000000142
2023/07/03 16:51:34.983873904,1.0000000000000142
2023/07/03 16:51:35.50051397,1.0000000000000142
2023/07/03 16:51:35.83918361,1.0000000000000142
2023/07/03 16:51:35.150051109,1.0000000000000142
2023/07/03 16:51:35.183921311,1.0000000000000142
2023/07/03 16:51:35.250055011,1.0000000000000142
2023/07/03 16:51:35.283914712,1.0000000000000142
2023/07/03 16:51:35.350060335,1.0000000000000142
2023/07/03 16:51:35.383962034,1.0000000000000142
2023/07/03 16:51:35.450314065,1.0000000000000142
2023/07/03 16:51:35.483911374,1.0000000000000142
2023/07/03 16:51:35.550050353,1.0000000000000142
2023/07/03 16:51:35.583873424,1.0000000000000142
2023/07/03 16:51:35.650054945,1.0000000000000142
2023/07/03 16:51:35.683870062,1.0000000000000142
2023/07/03 16:51:35.750073543,1.0000000000000142
2023/07/03 16:51:35.783874004,1.0000000000000142
2023/07/03 16:51:35.850052007,1.0000000000000142
2023/07/03 16:51:35.883871422,1.0000000000000142
2023/07/03 16:51:35.950064994,1.0000000000000142
2023/07/03 16:51:35.983876334,1.0000000000000142
2023/07/03 16:51:36.50050251,1.0000000000000142
2023/07/03 16:51:36.83873383,1.0000000000000142
2023/07/03 16:51:36.150058373,1.0000000000000142
2023/07/03 16:51:36.183918154,1.0000000000000142
2023/07/03 16:51:36.250057614,1.0000000000000142
2023/07/03 16:51:36.283910572,1.0000000000000142
2023/07/03 16:51:36.350057359,1.0000000000000142
2023/07/03 16:51:36.383883638,1.0000000000000142
2023/07/03 16:51:36.450057083,1.0000000000000142
2023/07/03 16:51:36.483913819,1.0000000000000142
2023/07/03 16:51:36.550049874,1.0000000000000142
2023/07/03 16:51:36.583870913,1.0000000000000142
2023/07/03 16:51:36.650015744,1.0000000000000142
2023/07/03 16:51:36.683874424,1.0000000000000142
2023/07/03 16:51:36.750015078,1.0000000000000142
2023/07/03 16:51:36.783892383,1.0000000000000142
2023/07/03 16:51:36.850014381,1.0000000000000142
2023/07/03 16:51:36.884026510,1.0000000000000142
2023/07/03 16:51:36.950003976,1.0000000000000142
2023/07/03 16:51:36.983851374,1.0000000000000142
2023/07/03 16:51:37.50013268,1.0000000000000142
2023/07/03 16:51:37.83843505,1.0000000000000142
2023/07/03 16:51:37.150008386,1.0000000000000142
2023/07/03 16:51:37.183846566,1.0000000000000142
2023/07/03 16:51:37.250023347,1.0000000000000142
2023/07/03 16:51:37.283843655,1.0000000000000142
2023/07/03 16:51:37.350014026,1.0000000000000142
2023/07/03 16:51:37.384045561,1.0000000000000142
2023/07/03 16:51:37.450010656,1.0000000000000142
2023/07/03 16:51:37.483822027,1.0000000000000142
2023/07/03 16:51:37.550021281,1.0000000000000142
2023/07/03 16:51:37.584187078,1.0000000000000142
2023/07/03 16:51:37.650249266,1.0000000000000142
2023/07/03 16:51:37.684101995,1.0000000000000142
2023/07/03 16:51:37.750072770,1.0000000000000142
2023/07/03 16:51:37.783856870,1.0000000000000142
2023/07/03 16:51:37.849990341,1.0000000000000142
2023/07/03 16:51:37.883886723,1.0000000000000142
2023/07/03 16:51:37.950134369,1.0000000000000142
2023/07/03 16:51:37.983831154,1.0000000000000142
2023/07/03 16:51:38.49978963,1.0000000000000142
2023/07/03 16:51:38.83842312,1.0000000000000142
2023/07/03 16:51:38.149967708,1.0000000000000142
2023/07/03 16:51:38.183877384,1.0000000000000142
2023/07/03 16:51:38.250011599,1.0000000000000142
2023/07/03 16:51:38.283830796,1.0000000000000142
2023/07/03 16:51:38.350020842,1.0000000000000142
2023/07/03 16:51:38.383881837,1.0000000000000142
2023/07/03 16:51:38.450011372,1.0000000000000142
2023/07/03 16:51:38.483834866,1.0000000000000142
2023/07/03 16:51:38.550021909,1.0000000000000142
2023/07/03 16:51:38.583853428,1.0000000000000142
2023/07/03 16:51:38.650012599,1.0000000000000142
2023/07/03 16:51:38.683807550,1.0000000000000142
2023/07/03 16:51:38.749932655,1.0000000000000142
2023/07/03 16:51:38.783915709,1.0000000000000142
2023/07/03 16:51:38.849932663,1.0000000000000142
2023/07/03 16:51:38.883935405,1.0000000000000142
2023/07/03 16:51:38.949992572,1.0000000000000142
2023/07/03 16:51:38.983910564,1.0000000000000142
2023/07/03 16:51:39.50124147,1.0000000000000142
2023/07/03 16:51:39.83877108,1.0000000000000142
2023/07/03 16:51:39.150013677,1.0000000000000142
2023/07/03 16:51:39.183935769,1.0000000000000142
2023/07/03 16:51:39.249997766,1.0000000000000142
2023/07/03 16:51:39.283892445,1.0000000000000142
2023/07/03 16:51:39.350016991,1.0000000000000142
2023/07/03 16:51:39.383885590,1.0000000000000142
2023/07/03 16:51:39.450097481,1.0000000000000142
2023/07/03 16:51:39.483894495,1.0000000000000142
2023/07/03 16:51:39.550096096,1.0000000000000142
2023/07/03 16:51:39.583831376,1.0000000000000142
2023/07/03 16:51:39.650014671,1.0000000000000142
2023/07/03 16:51:39.683824922,1.0000000000000142
2023/07/03 16:51:39.750011243,1.0000000000000142
2023/07/03 16:51:39.783820542,1.0000000000000142
2023/07/03 16:51:39.850084511,1.0000000000000142
2023/07/03 16:51:39.883906091,1.0000000000000142
2023/07/03 16:51:39.950068358,1.0000000000000142
2023/07/03 16:51:39.983862157,1.0000000000000142
2023/07/03 16:51:40.50080129,1.0000000000000142
2023/07/03 16:51:40.83854602,1.0000000000000142
2023/07/03 16:51:40.150015198,1.0000000000000142
2023/07/03 16:51:40.183836429,1.0000000000000142
2023/07/03 16:51:40.250009176,1.0000000000000142
2023/07/03 16:51:40.283827863,1.0000000000000142
2023/07/03 16:51:40.350053099,1.0000000000000142
2023/07/03 16:51:40.383951716,1.0000000000000142
2023/07/03 16:51:40.450031257,1.0000000000000142
2023/07/03 16:51:40.483884880,1.0000000000000142
2023/07/03 16:51:40.550021810,1.0000000000000142
2023/07/03 16:51:40.583894668,1.0000000000000142
2023/07/03 16:51:40.650016049,1.0000000000000142
2023/07/03 16:51:40.683884038,1.0000000000000142
2023/07/03 16:51:40.750084447,1.0000000000000142
2023/07/03 16:51:40.784034992,1.0000000000000142
2023/07/03 16:51:40.850054811,1.0000000000000142
2023/07/03 16:51:40.883886141,1.0000000000000142
2023/07/03 16:51:40.950007192,1.0000000000000142
2023/07/03 16:51:40.983805209,1.0000000000000142
2023/07/03 16:51:41.50010267,1.0000000000000142
2023/07/03 16:51:41.83866224,1.0000000000000142
2023/07/03 16:51:41.150012353,1.0000000000000142
2023/07/03 16:51:41.183872858,1.0000000000000142
2023/07/03 16:51:41.250362732,1.0000000000000142
2023/07/03 16:51:41.283873249,1.0000000000000142
2023/07/03 16:51:41.350073700,1.0000000000000142
2023/07/03 16:51:41.384077295,1.0000000000000142
2023/07/03 16:51:41.450050417,1.0000000000000142
2023/07/03 16:51:41.484166714,1.0000000000000142
2023/07/03 16:51:41.550204878,1.0000000000000142
2023/07/03 16:51:41.583863334,1.0000000000000142
2023/07/03 16:51:41.650051652,1.0000000000000142
2023/07/03 16:51:41.683862654,1.0000000000000142
2023/07/03 16:51:41.750053982,1.0000000000000142
2023/07/03 16:51:41.783866454,1.0000000000000142
2023/07/03 16:51:41.850056894,1.0000000000000142
2023/07/03 16:51:41.883870870,1.0000000000000142
2023/07/03 16:51:41.950049881,1.0000000000000142
2023/07/03 16:51:41.983877825,1.0000000000000142
2023/07/03 16:51:42.50053860,1.0000000000000142
2023/07/03 16:51:42.83840186,1.0000000000000142
2023/07/03 16:51:42.149999580,1.0000000000000142
2023/07/03 16:51:42.183877077,1.0000000000000142
2023/07/03 16:51:42.250050588,1.0000000000000142
2023/07/03 16:51:42.283910062,1.0000000000000142
2023/07/03 16:51:42.350047876,1.0000000000000142
2023/07/03 16:51:42.383911878,1.0000000000000142
2023/07/03 16:51:42.450052015,1.0000000000000142
2023/07/03 16:51:42.483909755,1.0000000000000142
2023/07/03 16:51:42.550053359,1.0000000000000142
2023/07/03 16:51:42.583917883,1.0000000000000142
2023/07/03 16:51:42.650052090,1.0000000000000142
2023/07/03 16:51:42.683921913,1.0000000000000142
2023/07/03 16:51:42.750050899,1.0000000000000142
2023/07/03 16:51:42.783861401,1.0000000000000142
2023/07/03 16:51:42.850047405,1.0000000000000142
2023/07/03 16:51:42.883915796,1.0000000000000142
2023/07/03 16:51:42.950049931,1.0000000000000142
2023/07/03 16:51:42.983921367,1.0000000000000142
2023/07/03 16:51:43.50050414,1.0000000000000142
2023/07/03 16:51:43.83859354,1.0000000000000142
2023/07/03 16:51:43.150053373,1.0000000000000142
2023/07/03 16:51:43.183908099,1.0000000000000142
2023/07/03 16:51:43.250051224,1.0000000000000142
2023/07/03 16:51:43.283931648,1.0000000000000142
2023/07/03 16:51:43.350060706,1.0000000000000142
2023/07/03 16:51:43.383912856,1.0000000000000142
2023/07/03 16:51:43.450050559,1.0000000000000142
2023/07/03 16:51:43.483885878,1.0000000000000142
2023/07/03 16:51:43.550055731,1.0000000000000142
2023/07/03 16:51:43.583869740,1.0000000000000142
2023/07/03 16:51:43.650053191,1.0000000000000142
2023/07/03 16:51:43.683909258,1.0000000000000142
2023/07/03 16:51:43.750051981,1.0000000000000142
2023/07/03 16:51:43.783907196,1.0000000000000142
2023/07/03 16:51:43.850051553,1.0000000000000142
2023/07/03 16:51:43.883870411,1.0000000000000142
2023/07/03 16:51:43.950045635,1.0000000000000142
2023/07/03 16:51:43.983920757,1.0000000000000142
2023/07/03 16:51:44.50055868,1.0000000000000142
2023/07/03 16:51:44.83906655,1.0000000000000142
2023/07/03 16:51:44.150054910,1.0000000000000142
2023/07/03 16:51:44.183877495,1.0000000000000142
2023/07/03 16:51:44.250051619,1.0000000000000142
2023/07/03 16:51:44.283881318,1.0000000000000142
2023/07/03 16:51:44.350082791,1.0000000000000142
2023/07/03 16:51:44.383874057,1.0000000000000142
2023/07/03 16:51:44.450046529,1.0000000000000142
2023/07/03 16:51:44.483869234,1.0000000000000142
2023/07/03 16:51:44.550046733,1.0000000000000142
2023/07/03 16:51:44.583863528,1.0000000000000142
2023/07/03 16:51:44.650053011,1.0000000000000142
2023/07/03 16:51:44.683863604,1.0000000000000142
2023/07/03 16:51:44.750051814,1.0000000000000142
2023/07/03 16:51:44.783908663,1.0000000000000142
2023/07/03 16:51:44.850065925,1.0000000000000142
2023/07/03 16:51:44.883877890,1.0000000000000142
2023/07/03 16:51:44.950048717,1.0000000000000142
2023/07/03 16:51:44.983914545,1.0000000000000142
2023/07/03 16:51:45.50048181,1.0000000000000142
2023/07/03 16:51:45.83870948,1.0000000000000142
2023/07/03 16:51:45.150052767,1.0000000000000142
2023/07/03 16:51:45.183879991,1.0000000000000142
2023/07/03 16:51:45.250057481,1.0000000000000142
2023/07/03 16:51:45.283906417,1.0000000000000142
2023/07/03 16:51:45.350066504,1.0000000000000142
2023/07/03 16:51:45.383908988,1.0000000000000142
2023/07/03 16:51:45.450049448,1.0000000000000142
2023/07/03 16:51:45.483922268,1.0000000000000142
2023/07/03 16:51:45.550050826,1.0000000000000142
2023/07/03 16:51:45.583879342,1.0000000000000142
2023/07/03 16:51:45.650057123,1.0000000000000142
2023/07/03 16:51:45.683866765,1.0000000000000142
2023/07/03 16:51:45.750053132,1.0000000000000142
2023/07/03 16:51:45.783865738,1.0000000000000142
2023/07/03 16:51:45.850051876,1.0000000000000142
2023/07/03 16:51:45.883910149,1.0000000000000142
2023/07/03 16:51:45.950048615,1.0000000000000142
2023/07/03 16:51:45.983913129,1.0000000000000142
2023/07/03 16:51:46.50047111,1.0000000000000142
2023/07/03 16:51:46.83924769,1.0000000000000142
2023/07/03 16:51:46.150068867,1.0000000000000142
2023/07/03 16:51:46.183867970,1.0000000000000142
2023/07/03 16:51:46.250050580,1.0000000000000142
2023/07/03 16:51:46.283908152,1.0000000000000142
2023/07/03 16:51:46.350065005,1.0000000000000142
2023/07/03 16:51:46.383917027,1.0000000000000142
2023/07/03 16:51:46.450053872,1.0000000000000142
2023/07/03 16:51:46.483872891,1.0000000000000142
2023/07/03 16:51:46.550048803,1.0000000000000142
2023/07/03 16:51:46.583866989,1.0000000000000142
2023/07/03 16:51:46.650054071,1.0000000000000142
2023/07/03 16:51:46.683860843,1.0000000000000142
2023/07/03 16:51:46.750054146,1.0000000000000142
2023/07/03 16:51:46.783861303,1.0000000000000142
2023/07/03 16:51:46.850052359,1.0000000000000142
2023/07/03 16:51:46.883857182,1.0000000000000142
2023/07/03 16:51:46.950055484,1.0000000000000142
2023/07/03 16:51:46.983870055,1.0000000000000142
2023/07/03 16:51:47.50041404,1.0000000000000142
2023/07/03 16:51:47.83906091,1.0000000000000142
2023/07/03 16:51:47.150048185,1.0000000000000142
2023/07/03 16:51:47.183911407,1.0000000000000142
2023/07/03 16:51:47.250052301,1.0000000000000142
2023/07/03 16:51:47.283906095,1.0000000000000142
2023/07/03 16:51:47.350069902,1.0000000000000142
2023/07/03 16:51:47.383910891,1.0000000000000142
2023/07/03 16:51:47.450050865,1.0000000000000142
2023/07/03 16:51:47.483918586,1.0000000000000142
2023/07/03 16:51:47.550050011,1.0000000000000142
2023/07/03 16:51:47.583973077,1.0000000000000142
2023/07/03 16:51:47.650046814,1.0000000000000142
2023/07/03 16:51:47.684086789,1.0000000000000142
2023/07/03 16:51:47.750052904,1.0000000000000142
2023/07/03 16:51:47.784039309,1.0000000000000142
2023/07/03 16:51:47.850155064,1.0000000000000142
2023/07/03 16:51:47.883786632,1.0000000000000142
2023/07/03 16:51:47.949655994,1.0000000000000142
2023/07/03 16:51:47.983529295,1.0000000000000142
2023/07/03 16:51:48.49668657,1.0000000000000142
2023/07/03 16:51:48.83517433,1.0000000000000142
2023/07/03 16:51:48.149675820,1.0000000000000142
2023/07/03 16:51:48.183781609,1.0000000000000142
2023/07/03 16:51:48.249763586,1.0000000000000142
2023/07/03 16:51:48.283839418,1.0000000000000142
2023/07/03 16:51:48.349683073,1.0000000000000142
2023/07/03 16:51:48.383797020,1.0000000000000142
2023/07/03 16:51:48.449761910,1.0000000000000142
2023/07/03 16:51:48.483804130,1.0000000000000142
2023/07/03 16:51:48.549759495,1.0000000000000142
2023/07/03 16:51:48.583822505,1.0000000000000142
2023/07/03 16:51:48.650043720,1.0000000000000142
2023/07/03 16:51:48.683924966,1.0000000000000142
2023/07/03 16:51:48.750056303,1.0000000000000142
2023/07/03 16:51:48.783861287,1.0000000000000142
2023/07/03 16:51:48.850133949,1.0000000000000142
2023/07/03 16:51:48.883857760,1.0000000000000142
2023/07/03 16:51:48.949780844,1.0000000000000142
2023/07/03 16:51:48.983902945,1.0000000000000142
2023/07/03 16:51:49.50047306,1.0000000000000142
2023/07/03 16:51:49.84041626,1.0000000000000142
2023/07/03 16:51:49.150395471,1.0000000000000142
2023/07/03 16:51:49.183805973,1.0000000000000142
2023/07/03 16:51:49.250124423,1.0000000000000142
2023/07/03 16:51:49.283961157,1.0000000000000142
2023/07/03 16:51:49.350046106,1.0000000000000142
2023/07/03 16:51:49.383957140,1.0000000000000142
2023/07/03 16:51:49.450045416,1.0000000000000142
2023/07/03 16:51:49.483980484,1.0000000000000142
2023/07/03 16:51:49.550093596,1.0000000000000142
2023/07/03 16:51:49.584075423,1.0000000000000142
2023/07/03 16:51:49.650087023,1.0000000000000142
2023/07/03 16:51:49.683963001,1.0000000000000142
2023/07/03 16:51:49.750092184,1.0000000000000142
2023/07/03 16:51:49.783963703,1.0000000000000142
2023/07/03 16:51:49.850114316,1.0000000000000142
2023/07/03 16:51:49.883985425,1.0000000000000142
2023/07/03 16:51:49.950101685,1.0000000000000142
2023/07/03 16:51:49.983931345,1.0000000000000142
2023/07/03 16:51:50.50082570,1.0000000000000142
2023/07/03 16:51:50.83978294,1.0000000000000142
2023/07/03 16:51:50.150310881,1.0000000000000142
2023/07/03 16:51:50.183842912,1.0000000000000142
2023/07/03 16:51:50.250417614,1.0000000000000142
2023/07/03 16:51:50.284179567,1.0000000000000142
2023/07/03 16:51:50.350388382,1.0000000000000142
2023/07/03 16:51:50.383837847,1.0000000000000142
2023/07/03 16:51:50.450535731,1.0000000000000142
2023/07/03 16:51:50.484178901,1.0000000000000142
2023/07/03 16:51:50.550174745,1.0000000000000142
2023/07/03 16:51:50.583911421,1.0000000000000142
2023/07/03 16:51:50.650169427,1.0000000000000142
2023/07/03 16:51:50.683881867,1.0000000000000142
2023/07/03 16:51:50.750174920,1.0000000000000142
2023/07/03 16:51:50.784043525,1.0000000000000142
2023/07/03 16:51:50.850482139,1.0000000000000142
2023/07/03 16:51:50.883971389,0.9999999999999964
2023/07/03 16:51:50.950171306,1.0000000000000142
2023/07/03 16:51:50.983930976,0.9999999999999964
2023/07/03 16:51:51.50175996,1.0000000000000142
2023/07/03 16:51:51.83908045,0.9999999999999964
2023/07/03 16:51:51.150169509,1.0000000000000142
2023/07/03 16:51:51.183929439,0.9999999999999964
2023/07/03 16:51:51.250152459,1.0000000000000142
2023/07/03 16:51:51.284091688,0.9999999999999964
2023/07/03 16:51:51.350158636,1.0000000000000142
2023/07/03 16:51:51.383944434,0.9999999999999964
2023/07/03 16:51:51.450154881,1.0000000000000142
2023/07/03 16:51:51.483909621,0.9999999999999964
2023/07/03 16:51:51.550153040,1.0000000000000142
2023/07/03 16:51:51.583908140,0.9999999999999964
2023/07/03 16:51:51.650149767,1.0000000000000142
2023/07/03 16:51:51.683913615,0.9999999999999964
2023/07/03 16:51:51.750150902,1.0000000000000142
2023/07/03 16:51:51.784245822,0.9999999999999964
2023/07/03 16:51:51.850155685,1.0000000000000142
2023/07/03 16:51:51.884186524,0.9999999999999964
2023/07/03 16:51:51.950154665,1.0000000000000142
2023/07/03 16:51:51.983907272,0.9999999999999964
2023/07/03 16:51:52.50161011,1.0000000000000142
2023/07/03 16:51:52.84139693,0.9999999999999964
2023/07/03 16:51:52.150156228,1.0000000000000142
2023/07/03 16:51:52.184141411,0.9999999999999964
2023/07/03 16:51:52.250156611,1.0000000000000142
2023/07/03 16:51:52.284508126,0.9999999999999964
2023/07/03 16:51:52.350158680,1.0000000000000142
2023/07/03 16:51:52.383885938,0.9999999999999964
2023/07/03 16:51:52.450153725,1.0000000000000142
2023/07/03 16:51:52.483994868,0.9999999999999964
2023/07/03 16:51:52.550163998,1.0000000000000142
2023/07/03 16:51:52.583892058,0.9999999999999964
2023/07/03 16:51:52.650164852,1.0000000000000142
2023/07/03 16:51:52.683902431,0.9999999999999964
2023/07/03 16:51:52.750151002,1.0000000000000142
2023/07/03 16:51:52.783877591,0.9999999999999964
2023/07/03 16:51:52.850159102,1.0000000000000142
2023/07/03 16:51:52.884089053,0.9999999999999964
2023/07/03 16:51:52.950157505,1.0000000000000142
2023/07/03 16:51:52.983937542,0.9999999999999964
2023/07/03 16:51:53.50158792,1.0000000000000142
2023/07/03 16:51:53.83878727,0.9999999999999964
2023/07/03 16:51:53.150157754,1.0000000000000142
2023/07/03 16:51:53.183893389,0.9999999999999964
2023/07/03 16:51:53.250148322,1.0000000000000142
2023/07/03 16:51:53.283883226,0.9999999999999964
2023/07/03 16:51:53.350158407,1.0000000000000142
2023/07/03 16:51:53.383940450,0.9999999999999964
2023/07/03 16:51:53.450162059,1.0000000000000142
2023/07/03 16:51:53.483915760,0.9999999999999964
2023/07/03 16:51:53.550155755,1.0000000000000142
2023/07/03 16:51:53.583883615,0.9999999999999964
2023/07/03 16:51:53.650157265,1.0000000000000142
2023/07/03 16:51:53.683890455,0.9999999999999964
2023/07/03 16:51:53.750153754,1.0000000000000142
2023/07/03 16:51:53.783876515,0.9999999999999964
2023/07/03 16:51:53.850150763,1.0000000000000142
2023/07/03 16:51:53.883913089,0.9999999999999964
2023/07/03 16:51:53.950156820,1.0000000000000142
2023/07/03 16:51:53.983888398,0.9999999999999964
2023/07/03 16:51:54.50155473,1.0000000000000142
2023/07/03 16:51:54.83877804,0.9999999999999964
2023/07/03 16:51:54.150154579,1.0000000000000142
2023/07/03 16:51:54.183887579,0.9999999999999964
2023/07/03 16:51:54.250158213,1.0000000000000142
2023/07/03 16:51:54.283896353,0.9999999999999964
2023/07/03 16:51:54.350153902,1.0000000000000142
2023/07/03 16:51:54.383896751,0.9999999999999964
2023/07/03 16:51:54.450175158,1.0000000000000142
2023/07/03 16:51:54.484047040,0.9999999999999964
2023/07/03 16:51:54.550154394,1.0000000000000142
2023/07/03 16:51:54.583970112,0.9999999999999964
2023/07/03 16:51:54.650226849,1.0000000000000142
2023/07/03 16:51:54.683908684,0.9999999999999964
2023/07/03 16:51:54.750158788,1.0000000000000142
2023/07/03 16:51:54.783896117,0.9999999999999964
2023/07/03 16:51:54.850148307,1.0000000000000142
2023/07/03 16:51:54.883885323,0.9999999999999964
2023/07/03 16:51:54.950148863,1.0000000000000142
2023/07/03 16:51:54.984024773,0.9999999999999964
2023/07/03 16:51:55.50159061,1.0000000000000142
2023/07/03 16:51:55.83950031,0.9999999999999964
2023/07/03 16:51:55.150156643,1.0000000000000142
2023/07/03 16:51:55.183906216,0.9999999999999964
2023/07/03 16:51:55.250158586,1.0000000000000142
2023/07/03 16:51:55.283903649,0.9999999999999964
2023/07/03 16:51:55.350151901,1.0000000000000142
2023/07/03 16:51:55.384147086,0.9999999999999964
2023/07/03 16:51:55.450149654,1.0000000000000142
2023/07/03 16:51:55.483972554,0.9999999999999964
2023/07/03 16:51:55.550157638,1.0000000000000142
2023/07/03 16:51:55.583926427,0.9999999999999964
2023/07/03 16:51:55.650153398,1.0000000000000142
2023/07/03 16:51:55.683901928,0.9999999999999964
2023/07/03 16:51:55.750155079,1.0000000000000142
2023/07/03 16:51:55.783911044,0.9999999999999964
2023/07/03 16:51:55.850151721,1.0000000000000142
2023/07/03 16:51:55.883906543,0.9999999999999964
2023/07/03 16:51:55.950151088,1.0000000000000142
2023/07/03 16:51:55.983872367,0.9999999999999964
2023/07/03 16:51:56.50153741,1.0000000000000142
2023/07/03 16:51:56.84084637,0.9999999999999964
2023/07/03 16:51:56.150158661,1.0000000000000142
2023/07/03 16:51:56.183868209,0.9999999999999964
2023/07/03 16:51:56.250154944,1.0000000000000142
2023/07/03 16:51:56.283923252,0.9999999999999964
2023/07/03 16:51:56.350154502,1.0000000000000142
2023/07/03 16:51:56.383908213,0.9999999999999964
2023/07/03 16:51:56.450153349,1.0000000000000142
2023/07/03 16:51:56.483867365,0.9999999999999964
2023/07/03 16:51:56.550155380,1.0000000000000142
2023/07/03 16:51:56.584004521,0.9999999999999964
2023/07/03 16:51:56.650155401,1.0000000000000142
2023/07/03 16:51:56.683943996,0.9999999999999964
2023/07/03 16:51:56.750162193,1.0000000000000142
2023/07/03 16:51:56.783870828,0.9999999999999964
2023/07/03 16:51:56.850155620,1.0000000000000142
2023/07/03 16:51:56.883875457,0.9999999999999964
2023/07/03 16:51:56.950150398,1.0000000000000142
2023/07/03 16:51:56.983898039,0.9999999999999964
2023/07/03 16:51:57.50151079,1.0000000000000142
2023/07/03 16:51:57.84004899,0.9999999999999964
2023/07/03 16:51:57.150218818,1.0000000000000142
2023/07/03 16:51:57.183880015,0.9999999999999964
2023/07/03 16:51:57.250158956,1.0000000000000142
2023/07/03 16:51:57.283922746,0.9999999999999964
2023/07/03 16:51:57.350156161,1.0000000000000142
2023/07/03 16:51:57.383906826,0.9999999999999964
2023/07/03 16:51:57.450150451,1.0000000000000142
2023/07/03 16:51:57.483910915,0.9999999999999964
2023/07/03 16:51:57.550151995,1.0000000000000142
2023/07/03 16:51:57.583917069,0.9999999999999964
2023/07/03 16:51:57.650155753,1.0000000000000142
2023/07/03 16:51:57.684115051,0.9999999999999964
2023/07/03 16:51:57.750156666,1.0000000000000142
2023/07/03 16:51:57.783997952,0.9999999999999964
2023/07/03 16:51:57.850155294,1.0000000000000142
2023/07/03 16:51:57.883913674,0.9999999999999964
2023/07/03 16:51:57.950153902,1.0000000000000142
2023/07/03 16:51:57.983910528,0.9999999999999964
2023/07/03 16:51:58.50150998,1.0000000000000142
2023/07/03 16:51:58.83891123,0.9999999999999964
2023/07/03 16:51:58.150161498,1.0000000000000142
2023/07/03 16:51:58.184024706,0.9999999999999964
2023/07/03 16:51:58.250152862,1.0000000000000142
2023/07/03 16:51:58.283972870,0.9999999999999964
2023/07/03 16:51:58.350156091,1.0000000000000142
2023/07/03 16:51:58.383913540,0.9999999999999964
2023/07/03 16:51:58.450158127,1.0000000000000142
2023/07/03 16:51:58.483909364,0.9999999999999964
2023/07/03 16:51:58.550152379,1.0000000000000142
2023/07/03 16:51:58.583907584,0.9999999999999964
2023/07/03 16:51:58.650153103,1.0000000000000142
2023/07/03 16:51:58.683977558,0.9999999999999964
2023/07/03 16:51:58.750160399,1.0000000000000142
2023/07/03 16:51:58.783961739,0.9999999999999964
2023/07/03 16:51:58.850158318,1.0000000000000142
2023/07/03 16:51:58.883915105,0.9999999999999964
2023/07/03 16:51:58.950155045,1.0000000000000142
2023/07/03 16:51:58.983887626,0.9999999999999964
2023/07/03 16:51:59.50148973,1.0000000000000142
2023/07/03 16:51:59.83897576,0.9999999999999964
2023/07/03 16:51:59.150148847,1.0000000000000142
2023/07/03 16:51:59.183920321,0.9999999999999964
2023/07/03 16:51:59.250156683,1.0000000000000142
2023/07/03 16:51:59.283964405,0.9999999999999964
2023/07/03 16:51:59.350153822,1.0000000000000142
2023/07/03 16:51:59.383915950,0.9999999999999964
2023/07/03 16:51:59.450157542,1.0000000000000142
2023/07/03 16:51:59.483917917,0.9999999999999964
2023/07/03 16:51:59.550153958,1.0000000000000142
2023/07/03 16:51:59.583907209,0.9999999999999964
2023/07/03 16:51:59.650146538,1.0000000000000142
2023/07/03 16:51:59.683878468,0.9999999999999964
2023/07/03 16:51:59.750155567,1.0000000000000142
2023/07/03 16:51:59.784059763,0.9999999999999964
2023/07/03 16:51:59.850157625,1.0000000000000142
2023/07/03 16:51:59.883930965,0.9999999999999964
2023/07/03 16:51:59.950151817,1.0000000000000142
2023/07/03 16:51:59.983920988,0.9999999999999964
2023/07/03 16:52:00.50156960,1.0000000000000142
2023/07/03 16:52:00.83891886,0.9999999999999964
2023/07/03 16:52:00.150149190,1.0000000000000142
2023/07/03 16:52:00.183903984,0.9999999999999964
2023/07/03 16:52:00.250157349,1.0000000000000142
2023/07/03 16:52:00.284033733,0.9999999999999964
2023/07/03 16:52:00.350156562,1.0000000000000142
2023/07/03 16:52:00.383971770,0.9999999999999964
2023/07/03 16:52:00.450158000,1.0000000000000142
2023/07/03 16:52:00.483912544,0.9999999999999964
2023/07/03 16:52:00.550155218,1.0000000000000142
2023/07/03 16:52:00.583906828,0.9999999999999964
2023/07/03 16:52:00.650149915,1.0000000000000142
2023/07/03 16:52:00.683907164,0.9999999999999964
2023/07/03 16:52:00.750151903,1.0000000000000142
2023/07/03 16:52:00.783950700,0.9999999999999964
2023/07/03 16:52:00.850156535,1.0000000000000142
2023/07/03 16:52:00.883921860,0.9999999999999964
2023/07/03 16:52:00.950157832,1.0000000000000142
2023/07/03 16:52:00.983873281,0.9999999999999964
2023/07/03 16:52:01.50156825,1.0000000000000142
2023/07/03 16:52:01.83899987,0.9999999999999964
2023/07/03 16:52:01.150150357,1.0000000000000142
2023/07/03 16:52:01.183910542,0.9999999999999964
2023/07/03 16:52:01.250149712,1.0000000000000142
2023/07/03 16:52:01.284009585,0.9999999999999964
2023/07/03 16:52:01.350159136,1.0000000000000142
2023/07/03 16:52:01.384086075,0.9999999999999964
2023/07/03 16:52:01.450149803,1.0000000000000142
2023/07/03 16:52:01.484017120,0.9999999999999964
2023/07/03 16:52:01.550157403,1.0000000000000142
2023/07/03 16:52:01.583907079,0.9999999999999964
2023/07/03 16:52:01.650157278,1.0000000000000142
2023/07/03 16:52:01.683916891,0.9999999999999964
2023/07/03 16:52:01.750152515,1.0000000000000142
2023/07/03 16:52:01.783910016,0.9999999999999964
2023/07/03 16:52:01.850152010,1.0000000000000142
2023/07/03 16:52:01.884027231,0.9999999999999964
2023/07/03 16:52:01.950160092,1.0000000000000142
2023/07/03 16:52:01.983971392,0.9999999999999964
2023/07/03 16:52:02.50159987,1.0000000000000142
2023/07/03 16:52:02.83907698,0.9999999999999964
2023/07/03 16:52:02.150222461,1.0000000000000142
2023/07/03 16:52:02.183911071,0.9999999999999964
2023/07/03 16:52:02.250162973,1.0000000000000142
2023/07/03 16:52:02.283911830,0.9999999999999964
2023/07/03 16:52:02.350161801,1.0000000000000142
2023/07/03 16:52:02.383975957,0.9999999999999964
2023/07/03 16:52:02.450224576,1.0000000000000142
2023/07/03 16:52:02.483946739,0.9999999999999964
2023/07/03 16:52:02.550223369,1.0000000000000142
2023/07/03 16:52:02.583914985,0.9999999999999964
2023/07/03 16:52:02.650161119,1.0000000000000142
2023/07/03 16:52:02.683914903,0.9999999999999964
2023/07/03 16:52:02.750224255,1.0000000000000142
2023/07/03 16:52:02.783879322,0.9999999999999964
2023/07/03 16:52:02.850150192,1.0000000000000142
2023/07/03 16:52:02.883919955,1.0000000000000009
2023/07/03 16:52:02.950217385,1.0000000000000142
2023/07/03 16:52:02.983931734,1.0000000000000009
2023/07/03 16:52:03.50161488,1.0000000000000142
2023/07/03 16:52:03.83898749,1.0000000000000009
2023/07/03 16:52:03.150155133,1.0000000000000142
2023/07/03 16:52:03.183908174,1.0000000000000009
2023/07/03 16:52:03.250151152,1.0000000000000142
2023/07/03 16:52:03.283910046,1.0000000000000009
2023/07/03 16:52:03.350156149,0.9999999999999964
2023/07/03 16:52:03.383906567,1.0000000000000009
2023/07/03 16:52:03.450154814,0.9999999999999964
2023/07/03 16:52:03.484046067,1.0000000000000009
2023/07/03 16:52:03.550157056,0.9999999999999964
2023/07/03 16:52:03.583994658,1.0000000000000009
2023/07/03 16:52:03.650159108,0.9999999999999964
2023/07/03 16:52:03.683915678,1.0000000000000009
2023/07/03 16:52:03.750229167,0.9999999999999964
2023/07/03 16:52:03.783908823,1.0000000000000009
2023/07/03 16:52:03.850150107,0.9999999999999964
2023/07/03 16:52:03.883909572,1.0000000000000009
2023/07/03 16:52:03.950157088,0.9999999999999964
2023/07/03 16:52:03.984004829,1.0000000000000009
2023/07/03 16:52:04.50154070,0.9999999999999964
2023/07/03 16:52:04.84198631,1.0000000000000009
2023/07/03 16:52:04.150156023,0.9999999999999964
2023/07/03 16:52:04.183926118,1.0000000000000009
2023/07/03 16:52:04.250223899,0.9999999999999964
2023/07/03 16:52:04.283907241,1.0000000000000009
2023/07/03 16:52:04.350149749,0.9999999999999964
2023/07/03 16:52:04.383872145,1.0000000000000009
2023/07/03 16:52:04.450155911,0.9999999999999964
2023/07/03 16:52:04.483949990,1.0000000000000009
2023/07/03 16:52:04.550156940,0.9999999999999964
2023/07/03 16:52:04.583938757,1.0000000000000009
2023/07/03 16:52:04.650158082,0.9999999999999964
2023/07/03 16:52:04.683912007,1.0000000000000009
2023/07/03 16:52:04.750224705,0.9999999999999964
2023/07/03 16:52:04.783908276,1.0000000000000009
2023/07/03 16:52:04.850151335,0.9999999999999964
2023/07/03 16:52:04.883920890,1.0000000000000009
2023/07/03 16:52:04.950149332,0.9999999999999964
2023/07/03 16:52:04.983919156,1.0000000000000009
2023/07/03 16:52:05.50161484,0.9999999999999964
2023/07/03 16:52:05.83871095,1.0000000000000009
2023/07/03 16:52:05.150155242,0.9999999999999964
2023/07/03 16:52:05.183885342,1.0000000000000009
2023/07/03 16:52:05.250158608,0.9999999999999964
2023/07/03 16:52:05.283911070,1.0000000000000009
2023/07/03 16:52:05.350151015,0.9999999999999964
2023/07/03 16:52:05.383910731,1.0000000000000009
2023/07/03 16:52:05.450152859,0.9999999999999964
2023/07/03 16:52:05.483907324,1.0000000000000009
2023/07/03 16:52:05.550161303,0.9999999999999964
2023/07/03 16:52:05.584022772,1.0000000000000009
2023/07/03 16:52:05.650157628,0.9999999999999964
2023/07/03 16:52:05.683963360,1.0000000000000009
2023/07/03 16:52:05.750154302,0.9999999999999964
2023/07/03 16:52:05.783914609,1.0000000000000009
2023/07/03 16:52:05.850153851,0.9999999999999964
2023/07/03 16:52:05.883903166,0.9999999999999998
2023/07/03 16:52:05.950148200,0.9999999999999964
2023/07/03 16:52:05.983918045,0.9999999999999998
2023/07/03 16:52:06.50158000,0.9999999999999964
2023/07/03 16:52:06.84231516,0.9999999999999998
2023/07/03 16:52:06.150174462,0.9999999999999964
2023/07/03 16:52:06.183955047,0.9999999999999998
2023/07/03 16:52:06.250160418,0.9999999999999964
2023/07/03 16:52:06.283912859,0.9999999999999998
2023/07/03 16:52:06.350157543,0.9999999999999964
2023/07/03 16:52:06.383908061,0.9999999999999998
2023/07/03 16:52:06.450148677,0.9999999999999964
2023/07/03 16:52:06.483912693,0.9999999999999998
2023/07/03 16:52:06.550148009,0.9999999999999964
2023/07/03 16:52:06.584025937,1.0
2023/07/03 16:52:06.650158270,0.9999999999999964
2023/07/03 16:52:06.683917014,1.0
2023/07/03 16:52:06.750156308,0.9999999999999964
2023/07/03 16:52:06.783923097,1.0
2023/07/03 16:52:06.850092519,0.9999999999999964
2023/07/03 16:52:06.883917599,1.0
2023/07/03 16:52:06.950148046,0.9999999999999964
2023/07/03 16:52:06.983897783,1.0
2023/07/03 16:52:07.50149781,0.9999999999999964
2023/07/03 16:52:07.83910238,1.0
2023/07/03 16:52:07.150160563,0.9999999999999964
2023/07/03 16:52:07.184120908,1.0000000000000002
2023/07/03 16:52:07.249963125,0.9999999999999964
2023/07/03 16:52:07.283870961,0.9999999999999998
2023/07/03 16:52:07.350253354,0.9999999999999964
2023/07/03 16:52:07.383804096,0.9999999999999998
2023/07/03 16:52:07.450251943,0.9999999999999964
2023/07/03 16:52:07.483977155,0.9999999999999998
2023/07/03 16:52:07.550257455,0.9999999999999964
2023/07/03 16:52:07.583909389,0.9999999999999998
2023/07/03 16:52:07.650257149,0.9999999999999964
2023/07/03 16:52:07.683919311,0.9999999999999998
2023/07/03 16:52:07.750258744,0.9999999999999964
2023/07/03 16:52:07.783965702,0.9999999999999998
2023/07/03 16:52:07.850268926,0.9999999999999964
2023/07/03 16:52:07.883977016,1.0000000000000009
2023/07/03 16:52:07.950272787,0.9999999999999964
2023/07/03 16:52:07.983866510,1.0000000000000009
2023/07/03 16:52:08.50267230,0.9999999999999964
2023/07/03 16:52:08.83891901,1.0000000000000009
2023/07/03 16:52:08.150271150,0.9999999999999964
2023/07/03 16:52:08.183915841,1.0000000000000009
2023/07/03 16:52:08.250275061,0.9999999999999964
2023/07/03 16:52:08.283912929,1.0000000000000009
2023/07/03 16:52:08.350273233,0.9999999999999964
2023/07/03 16:52:08.383915497,1.0000000000000009
2023/07/03 16:52:08.450271603,0.9999999999999964
2023/07/03 16:52:08.483921113,1.0000000000000009
2023/07/03 16:52:08.550161188,0.9999999999999964
2023/07/03 16:52:08.583842829,1.0000000000000009
2023/07/03 16:52:08.650158618,0.9999999999999964
2023/07/03 16:52:08.683860024,1.0000000000000009
2023/07/03 16:52:08.750233282,0.9999999999999964
2023/07/03 16:52:08.783870489,1.0000000000000009
2023/07/03 16:52:08.850158754,0.9999999999999964
2023/07/03 16:52:08.883884176,0.9999999999999987
2023/07/03 16:52:08.950155922,0.9999999999999964
2023/07/03 16:52:08.983853672,1.0000000000000009
2023/07/03 16:52:09.50152881,0.9999999999999964
2023/07/03 16:52:09.83880979,1.0000000000000009
2023/07/03 16:52:09.150150091,0.9999999999999964
2023/07/03 16:52:09.183850897,1.0000000000000009
2023/07/03 16:52:09.250160465,0.9999999999999964
2023/07/03 16:52:09.283875699,1.0000000000000009
2023/07/03 16:52:09.350161122,0.9999999999999964
2023/07/03 16:52:09.383877337,1.0000000000000009
2023/07/03 16:52:09.450156839,0.9999999999999964
2023/07/03 16:52:09.483877222,1.0000000000000009
2023/07/03 16:52:09.550155261,0.9999999999999964
2023/07/03 16:52:09.583842972,1.0000000000000009
2023/07/03 16:52:09.650155837,0.9999999999999964
2023/07/03 16:52:09.683881099,1.0000000000000009
2023/07/03 16:52:09.750160480,0.9999999999999964
2023/07/03 16:52:09.783878850,1.0000000000000009
2023/07/03 16:52:09.850156087,0.9999999999999964
2023/07/03 16:52:09.883865430,1.0000000000000009
2023/07/03 16:52:09.950157134,0.9999999999999964
2023/07/03 16:52:09.983869733,1.0000000000000009
2023/07/03 16:52:10.50156570,0.9999999999999964
2023/07/03 16:52:10.83863299,1.0000000000000009
2023/07/03 16:52:10.150148131,0.9999999999999964
2023/07/03 16:52:10.183862763,1.0000000000000009
2023/07/03 16:52:10.250155461,0.9999999999999964
2023/07/03 16:52:10.283874753,1.0000000000000009
2023/07/03 16:52:10.350160636,0.9999999999999964
2023/07/03 16:52:10.383949980,1.0000000000000009
2023/07/03 16:52:10.450158830,0.9999999999999964
2023/07/03 16:52:10.483877450,1.0000000000000009
2023/07/03 16:52:10.550158639,0.9999999999999964
2023/07/03 16:52:10.583878641,1.0000000000000009
2023/07/03 16:52:10.650153404,0.9999999999999964
2023/07/03 16:52:10.683879318,1.0000000000000009
2023/07/03 16:52:10.750156655,0.9999999999999964
2023/07/03 16:52:10.783864916,1.0000000000000009
2023/07/03 16:52:10.850155971,0.9999999999999964
2023/07/03 16:52:10.883859652,1.0000000000000009
2023/07/03 16:52:10.950157939,0.9999999999999964
2023/07/03 16:52:10.983875859,0.9999999999999964
2023/07/03 16:52:11.50157866,0.9999999999999964
2023/07/03 16:52:11.83849477,0.9999999999999964
2023/07/03 16:52:11.150152603,0.9999999999999964
2023/07/03 16:52:11.183871535,0.9999999999999964
2023/07/03 16:52:11.250153253,0.9999999999999964
2023/07/03 16:52:11.283881911,0.9999999999999964
2023/07/03 16:52:11.350158319,0.9999999999999964
2023/07/03 16:52:11.383874576,0.9999999999999964
2023/07/03 16:52:11.450157055,0.9999999999999964
2023/07/03 16:52:11.483867690,0.9999999999999964
2023/07/03 16:52:11.550159947,0.9999999999999964
2023/07/03 16:52:11.583877646,0.9999999999999964
2023/07/03 16:52:11.650157169,0.9999999999999964
2023/07/03 16:52:11.683854951,0.9999999999999964
2023/07/03 16:52:11.750157057,0.9999999999999964
2023/07/03 16:52:11.783879264,0.9999999999999964
2023/07/03 16:52:11.850587243,0.9999999999999964
2023/07/03 16:52:11.885385254,0.9999999999999964
2023/07/03 16:52:11.949706964,0.9999999999999964
2023/07/03 16:52:11.983593221,0.9999999999999964
2023/07/03 16:52:12.49675513,0.9999999999999964
2023/07/03 16:52:12.83719907,0.9999999999999964
2023/07/03 16:52:12.149678287,0.9999999999999964
2023/07/03 16:52:12.183678288,0.9999999999999964
2023/07/03 16:52:12.249707050,0.9999999999999964
2023/07/03 16:52:12.283751384,0.9999999999999964
2023/07/03 16:52:12.349777992,0.9999999999999964
2023/07/03 16:52:12.383881547,0.9999999999999964
2023/07/03 16:52:12.449775536,0.9999999999999964
2023/07/03 16:52:12.483789743,0.9999999999999964
2023/07/03 16:52:12.549781927,0.9999999999999964
2023/07/03 16:52:12.583782028,0.9999999999999964
2023/07/03 16:52:12.649781294,0.9999999999999964
2023/07/03 16:52:12.683905519,0.9999999999999964
2023/07/03 16:52:12.749947435,0.9999999999999964
2023/07/03 16:52:12.783900668,0.9999999999999964
2023/07/03 16:52:12.849915333,0.9999999999999964
2023/07/03 16:52:12.883848509,0.9999999999999964
2023/07/03 16:52:12.949913389,0.9999999999999964
2023/07/03 16:52:12.983845282,0.9999999999999964
2023/07/03 16:52:13.49947604,0.9999999999999964
2023/07/03 16:52:13.83854508,0.9999999999999964
2023/07/03 16:52:13.149948985,0.9999999999999964
2023/07/03 16:52:13.183886930,0.9999999999999964
2023/07/03 16:52:13.249915511,0.9999999999999964
2023/07/03 16:52:13.284248849,0.9999999999999964
2023/07/03 16:52:13.349921002,0.9999999999999964
2023/07/03 16:52:13.384148871,0.9999999999999964
2023/07/03 16:52:13.449950618,0.9999999999999964
2023/07/03 16:52:13.484466660,0.9999999999999964
2023/07/03 16:52:13.550106111,0.9999999999999964
2023/07/03 16:52:13.584130386,0.9999999999999964
2023/07/03 16:52:13.649925078,0.9999999999999964
2023/07/03 16:52:13.683870467,0.9999999999999964
2023/07/03 16:52:13.749915521,0.9999999999999964
2023/07/03 16:52:13.783849798,0.9999999999999964
2023/07/03 16:52:13.849962309,0.9999999999999964
2023/07/03 16:52:13.883886317,0.9999999999999964
2023/07/03 16:52:13.949910480,0.9999999999999964
2023/07/03 16:52:13.983855889,0.9999999999999964
2023/07/03 16:52:14.49954984,0.9999999999999964
2023/07/03 16:52:14.83855077,0.9999999999999964
2023/07/03 16:52:14.149906504,0.9999999999999964
2023/07/03 16:52:14.183991706,0.9999999999999964
2023/07/03 16:52:14.250167356,0.9999999999999964
2023/07/03 16:52:14.284175583,0.9999999999999964
2023/07/03 16:52:14.350168969,0.9999999999999964
2023/07/03 16:52:14.384102616,0.9999999999999964
2023/07/03 16:52:14.450163371,0.9999999999999964
2023/07/03 16:52:14.484176557,0.9999999999999964
2023/07/03 16:52:14.550314656,0.9999999999999964
2023/07/03 16:52:14.584150709,0.9999999999999964
2023/07/03 16:52:14.650222744,0.9999999999999964
2023/07/03 16:52:14.684166830,0.9999999999999964
2023/07/03 16:52:14.750191166,0.9999999999999964
2023/07/03 16:52:14.784169206,0.9999999999999964
2023/07/03 16:52:14.849967065,0.9999999999999964
2023/07/03 16:52:14.884346279,0.9999999999999964
2023/07/03 16:52:14.949944683,0.9999999999999964
2023/07/03 16:52:14.984412845,0.9999999999999964
2023/07/03 16:52:15.50232196,0.9999999999999964
2023/07/03 16:52:15.84284385,0.9999999999999964
2023/07/03 16:52:15.150207201,0.9999999999999964
2023/07/03 16:52:15.184296560,0.9999999999999964
2023/07/03 16:52:15.250170133,0.9999999999999964
2023/07/03 16:52:15.283938669,0.9999999999999964
2023/07/03 16:52:15.349873087,1.0000000000000009
2023/07/03 16:52:15.384212757,0.9999999999999964
2023/07/03 16:52:15.450149779,1.0000000000000009
